2026-07-23T14:00:04Z - INFO - [MetricsComputator::__init__] Loading triplets from output/triplets_qwen2.5:14b_semi_cleaned_data_summary.csv...
2026-07-23T14:00:04Z - INFO - [MetricsComputator::__init__] Normalizing triplets and filtering invalid rows...
2026-07-23T14:00:04Z - INFO - [MetricsComputator::__init__] Dropped 2 rows due to invalid triplets. Remaining: 127
2026-07-23T14:00:05Z - INFO - [MetricsComputator::compute_metrics] processing 127 amount of triplets
2026-07-23T14:01:35Z - INFO - [MetricsComputator::compute_metrics] 'INTC' 'Advanced Micro Devices Sets a New High' requires reprompt
2026-07-23T14:02:46Z - INFO - [MetricsComputator::compute_metrics] revised triplets : 
self.triplets_df.iloc[row_idx]['output_triplets']="[('Intel', 'COMPANY', 'Missteps Under', None, 'Brian Krzanich', 'CONCEPT'), ('AMD', 'COMPANY', 'Capitalizes On', None, 'Intel Missteps', 'CONCEPT'), ('AMD', 'COMPANY', 'Takes Lead In', None, 'Chip Technology', 'PRODUCT'), ('AMD', 'COMPANY', 'Forms Alliance With', None, 'Taiwan Semiconductor Manufacturing', 'COMPANY'), ('Taiwan Semiconductor Manufacturing', 'COMPANY', 'Fabricates Chips With', None, '7 Nanometer Lines', 'CONCEPT'), ('Hardware', 'PRODUCT', 'Defined By', None, 'Software', 'PRODUCT'), ('Cloud Names', 'CONCEPT', 'Influence In', None, 'Technology Industry', 'SECTOR')]"
[('AMD', 'COMPANY', 'Surpass', 'GFMK', 'Intel', 'COMPANY'), ('Apple', 'COMPANY', 'Impacts', 'SSI', 'TSMC', 'COMPANY'), ('Cloud Companies', 'SECTOR', 'Influence In', 'GMM', 'Chip Market', 'PRODUCT'), ('AMD', 'COMPANY', 'Forms Alliance With', 'GFMK', 'Taiwan Semiconductor Manufacturing', 'COMPANY'), ('Taiwan Semiconductor Manufacturing', 'COMPANY', 'Fabricates Chips For', 'GFMK', 'AMD', 'COMPANY'), ('Hardware', 'PRODUCT', 'Defined By', 'GMM', 'Software', 'PRODUCT'), ('Intel', 'COMPANY', 'Struggles With', 'SSI', '7 Nanometer Technology', 'CONCEPT'), ('TSMC', 'COMPANY', 'Produces Chips For', 'GFMK', 'Apple', 'COMPANY')]
2026-07-23T14:02:46Z - INFO - [MetricsComputator::compute_metrics] 'INTC' 'Advanced Micro Devices Sets a New High' revised triplets updated.
2026-07-23T14:02:47Z - INFO - [MetricsComputator::save_partial] Saved partial progress to output/triplets_qwen2.5:14b_semi_cleaned_data_summary_JudgeLLM_metrics_computation.csv
2026-07-23T14:04:38Z - INFO - [MetricsComputator::compute_metrics] 'INTC' 'AMD Stock Will Ride Its Lead on Intel to More Long-Term Profitability' is good enough
2026-07-23T14:06:47Z - INFO - [MetricsComputator::compute_metrics] 'TXN' 'Better Buy: NXP Semiconductors vs. Texas Instruments' requires reprompt
2026-07-23T14:08:43Z - INFO - [MetricsComputator::compute_metrics] revised triplets : 
self.triplets_df.iloc[row_idx]['output_triplets']="[('ChineseAmerican Trade War', 'CONCEPT', 'Limits', None, 'Demand For', 'CONCEPT'), ('Texas Instruments', 'COMPANY', 'Produces', None, 'Analog And Embedded Chips', 'PRODUCT'), ('Analog And Embedded Chips', 'PRODUCT', 'Used In', None, 'Automotive Computing', 'SECTOR'), ('ChineseAmerican Trade War', 'CONCEPT', 'Negative Impact On', None, 'Texas Instruments', 'COMPANY'), ('Texas Instruments', 'COMPANY', 'Experiences Weakness In', None, 'Automotive Computing Sector', 'SECTOR')]"
[('Texas Instruments', 'COMPANY', 'Produces', 'SSI', 'Analog And Embedded Chips', 'PRODUCT'), ('NXP Semiconductors', 'COMPANY', 'Competes With', 'SSI', 'Texas Instruments', 'COMPANY'), ('ChineseAmerican Trade War', 'CONCEPT', 'Impacts', 'GMM', 'Automotive Computing Sector', 'SECTOR'), ('Texas Instruments', 'COMPANY', 'Experiences Weakness In', 'SSI', 'Automotive Computing Sector', 'SECTOR'), ('NXP Semiconductors', 'COMPANY', 'Experiences Weakness In', 'SSI', 'Automotive Computing Sector', 'SECTOR'), ('NXP Semiconductors', 'COMPANY', 'Grows Faster Than', 'SSI', 'Texas Instruments', 'COMPANY'), ('Texas Instruments', 'COMPANY', 'Offers High Dividend Yield', 'SSI', 'NXP Semiconductors', 'COMPANY')]
2026-07-23T14:08:43Z - INFO - [MetricsComputator::compute_metrics] 'TXN' 'Better Buy: NXP Semiconductors vs. Texas Instruments' revised triplets updated.
2026-07-23T14:11:37Z - INFO - [MetricsComputator::compute_metrics] AMD Jeff Clark’s Market Minute: These Stocks Will Carry the Market in 2020 requires human review
self.triplets_df.iloc[row_idx]['output_triplets']="[('AMD', 'COMPANY', 'Trades At', None, 'Earnings Multiple', 'FININSTRUMENTINFO'), ('AMD', 'COMPANY', 'Has Positive Performance', None, 'Future Prospects', 'CONCEPT'), ('Teva', 'COMPANY', 'Has Lower Earnings Multiple Than', None, 'AMD', 'COMPANY')]"

2026-07-23T14:14:20Z - INFO - [MetricsComputator::compute_metrics] AMD June 2021 Options Now Available For Advanced Micro Devices (AMD) requires human review
self.triplets_df.iloc[row_idx]['output_triplets']="[('Advanced Micro Devices Inc', 'COMPANY', 'Has', None, 'Trailing Twelve Month Trading History', 'FININSTRUMENTINFO'), ('5000 Strike Call Option', 'DERIVATIVE', 'Represents', None, 'Approximate 4 Premium', 'CONCEPT'), ('5000 Strike Call Option', 'DERIVATIVE', 'Is Out Of The Money By', None, 'Percentage', 'CONCEPT'), ('Investors', 'CONCEPT', 'Begin Trading', None, 'New Options', 'FININSTRUMENTINFO')]"

2026-07-23T14:17:19Z - INFO - [MetricsComputator::compute_metrics] AMD Wait for a Better Price on Apple Stock requires human review
self.triplets_df.iloc[row_idx]['output_triplets']="[('Apple', 'COMPANY', 'Trades With', None, 'Market Cap', 'FININSTRUMENTINFO'), ('Microsoft', 'COMPANY', 'Trades With', None, 'Market Cap', 'FININSTRUMENTINFO'), ('Apple', 'COMPANY', 'Generates', None, 'Cash Flow', 'ECONINDICATOR'), ('Cash Flow', 'ECONINDICATOR', 'Equals', None, '59 Billion', 'FININSTRUMENTINFO')]"

2026-07-23T14:19:27Z - INFO - [MetricsComputator::compute_metrics] AMD Notable Friday Option Activity: AMD, AZO, YELP requires human review
self.triplets_df.iloc[row_idx]['output_triplets']="[('Traders', 'CONCEPT', 'Buy', None, '49 Strike Call Option', 'DERIVATIVE'), ('49 Strike Call Option', 'DERIVATIVE', 'Derives Value From', None, 'AMD', 'COMPANY'), ('Call Option Volume', 'FININSTRUMENTINFO', 'Signifies', None, 'Bullish Sentiment', 'CONCEPT')]"

2026-07-23T14:22:29Z - INFO - [MetricsComputator::compute_metrics] AMD Why Advanced Micro Devices Stock Can Keep Rising requires human review
self.triplets_df.iloc[row_idx]['output_triplets']="[('Advanced Micro Devices', 'COMPANY', 'Gains Market Share', None, 'Intel', 'COMPANY'), ('Advanced Micro Devices', 'COMPANY', 'Gains Market Share', None, 'Nvidia', 'COMPANY'), ('Global Semiconductor Market', 'SECTOR', 'Grows Sales At', None, 'Low SingleDigit Pace', 'CONCEPT'), ('Advanced Micro Devices', 'COMPANY', 'Projects As', None, 'Revenue Growth', 'ECONINDICATOR')]"

2026-07-23T14:26:32Z - INFO - [MetricsComputator::compute_metrics] 'MU' '3 Top Artificial Intelligence Stocks to Watch in January' requires reprompt
2026-07-23T14:29:43Z - INFO - [MetricsComputator::compute_metrics] revised triplets : 
self.triplets_df.iloc[row_idx]['output_triplets']="[('NVIDIA', 'COMPANY', 'Is On', None, 'AI Investor Watch Lists', 'CONCEPT'), ('Arista Networks', 'COMPANY', 'Is On', None, 'AI Investor Watch Lists', 'CONCEPT'), ('Micron Technology', 'COMPANY', 'Is On', None, 'AI Investor Watch Lists', 'CONCEPT'), ('NVIDIA', 'COMPANY', 'Includes', None, 'Software', 'PRODUCT'), ('NVIDIA', 'COMPANY', 'Expands Into', None, 'SelfDriving Cars', 'SECTOR'), ('NVIDIA', 'COMPANY', 'Expands Into', None, 'Robotics', 'CONCEPT'), ('NVIDIA', 'COMPANY', 'Expands Into', None, 'Healthcare Imaging', 'PRODUCT'), ('NVIDIA', 'COMPANY', 'Expands Into', None, 'Retail Operations Management', 'CONCEPT')]"
[('NVIDIA', 'COMPANY', 'Is On', 'SSI', 'AI Investor Watch Lists', 'CONCEPT'), ('Arista Networks', 'COMPANY', 'Is On', 'SSI', 'AI Investor Watch Lists', 'CONCEPT'), ('Micron Technology', 'COMPANY', 'Is On', 'SSI', 'AI Investor Watch Lists', 'CONCEPT'), ('NVIDIA', 'COMPANY', 'Includes', 'SSI', 'Software', 'PRODUCT'), ('NVIDIA', 'COMPANY', 'Expands Into', 'SSI', 'SelfDriving Cars', 'SECTOR'), ('NVIDIA', 'COMPANY', 'Expands Into', 'SSI', 'Robotics', 'CONCEPT'), ('NVIDIA', 'COMPANY', 'Expands Into', 'SSI', 'Healthcare Imaging', 'PRODUCT'), ('NVIDIA', 'COMPANY', 'Expands Into', 'SSI', 'Retail Operations Management', 'PRODUCT'), ('Arista Networks', 'COMPANY', 'Provides', 'SSI', 'Network Hardware And Software', 'PRODUCT'), ('Micron Technology', 'COMPANY', 'Develops', 'SSI', 'Memory Chips And Technologies', 'PRODUCT')]
2026-07-23T14:29:43Z - INFO - [MetricsComputator::compute_metrics] 'MU' '3 Top Artificial Intelligence Stocks to Watch in January' revised triplets updated.
2026-07-23T14:34:21Z - INFO - [MetricsComputator::compute_metrics] 'AMAT' '2 Top 5G Stocks to Buy in 2020' requires reprompt
2026-07-23T14:36:42Z - INFO - [MetricsComputator::compute_metrics] revised triplets : 
self.triplets_df.iloc[row_idx]['output_triplets']="[('Apple', 'COMPANY', 'Offers', None, 'iPhone SE 2', 'PRODUCT'), ('iPhone SE 2', 'PRODUCT', 'Has Option For', None, 'MultiTiered Pricing Approach', 'CONCEPT'), ('Strong Investment', 'CONCEPT', 'Driven By', None, '5G Roadmap', 'CONCEPT'), ('5G Roadmap', 'CONCEPT', 'Positive Impact On', None, 'Performance', 'ECONINDICATOR'), ('Foundry Logic Customers', 'COMPANY', 'Invests In', None, 'Key Geographies', 'CONCEPT'), ('Applied Materials', 'COMPANY', 'Benefits From', None, 'Strong Investment', 'CONCEPT')]"
[('Apple', 'COMPANY', 'Expected To Ship', 'GFMK', '5G Smartphones', 'PRODUCT'), ('IDC', 'FINANCIAL_ENTITY', 'Forecasts', 'SSI', '123.5 Million Units', 'FIN_INSTRUMENT_INFO'), ('Apple', 'COMPANY', 'Releases', 'GMM', 'Budget-Friendly Models', 'PRODUCT'), ('Applied Materials', 'COMPANY', 'Benefits From', 'GFMK', 'Strong Investment', 'CONCEPT'), ('Foundry Logic Customers', 'COMPANY', 'Invests In', 'SSI', 'Key Geographies', 'SECTOR'), ('5G Networks', 'MACRO_INDICATOR', 'Delivers', 'SSI', '10 Times Data Rates', 'FIN_INSTRUMENT_INFO')]
2026-07-23T14:36:42Z - INFO - [MetricsComputator::compute_metrics] 'AMAT' '2 Top 5G Stocks to Buy in 2020' revised triplets updated.
2026-07-23T14:39:58Z - INFO - [MetricsComputator::compute_metrics] 'INTC' '3 Reasons Why AMD Was the S&P 500's Top Stock in 2019' requires reprompt
2026-07-23T14:41:43Z - INFO - [MetricsComputator::compute_metrics] revised triplets : 
self.triplets_df.iloc[row_idx]['output_triplets']="[('Advanced Micro Designs', 'COMPANY', 'Gains Market Share From', None, 'Intel', 'COMPANY'), ('Sony', 'COMPANY', 'Uses Technology From', None, 'Advanced Micro Devices', 'COMPANY'), ('Microsoft', 'COMPANY', 'Uses Technology From', None, 'Advanced Micro Devices', 'COMPANY')]"
[('Advanced_Micro_Devices', 'COMPANY', 'Gains_Market_Share_From', 'SSI', 'Intel', 'COMPANY'), ('Advanced_Micro_Devices', 'COMPANY', 'Supplies_To', 'SSI', 'Sony', 'COMPANY'), ('Advanced_Micro_Devices', 'COMPANY', 'Supplies_To', 'SSI', 'Microsoft', 'COMPANY'), ('Advanced_Micro_Devices', 'COMPANY', 'Launches_New_Product', 'SSI', 'Radeon_RX_5500', 'PRODUCT'), ('Advanced_Micro_Devices', 'COMPANY', 'Wins_Customer_Contract', 'SSI', 'HP', 'COMPANY'), ('Advanced_Micro_Devices', 'COMPANY', 'Wins_Customer_Contract', 'SSI', 'Dell_Technologies', 'COMPANY')]
2026-07-23T14:41:43Z - INFO - [MetricsComputator::compute_metrics] 'INTC' '3 Reasons Why AMD Was the S&P 500's Top Stock in 2019' revised triplets updated.
2026-07-23T14:41:43Z - INFO - [MetricsComputator::save_partial] Saved partial progress to output/triplets_qwen2.5:14b_semi_cleaned_data_summary_JudgeLLM_metrics_computation.csv
2026-07-23T14:43:35Z - INFO - [MetricsComputator::compute_metrics] QCOM What's Responsible For The 25% Jump In Skyworks' Stock In December? requires human review
self.triplets_df.iloc[row_idx]['output_triplets']="[('Skyworks Solutions', 'COMPANY', 'Manufactures', None, 'Semiconductors', 'PRODUCT'), ('Semiconductors', 'PRODUCT', 'Used In', None, 'Radio Frequency Systems', 'CONCEPT'), ('Semiconductors', 'PRODUCT', 'Used In', None, 'Mobile Communications Systems', 'CONCEPT'), ('Skyworks Solutions', 'COMPANY', 'Sells To', None, 'Apple Corporation', 'COMPANY'), ('Bank of America  Merrill Lynch', 'FINANCIALENTITY', 'Changes Rating From', None, 'Underperform', 'CONCEPT'), ('Bank of America  Merrill Lynch', 'FINANCIALENTITY', 'Issues Rating As', None, 'Buy', 'CONCEPT'), ('Skyworks Solutions', 'COMPANY', 'Will Be Beneficiary Of', None, '5G Rollout', 'CONCEPT'), ('5G Rollout', 'CONCEPT', 'Results In', None, 'Investment', 'FININSTRUMENTINFO'), ('Mobile Manufacturers', 'CONCEPT', 'Are Customers Of', None, 'Skyworks Solutions', 'COMPANY')]"

2026-07-23T14:45:27Z - INFO - [MetricsComputator::compute_metrics] INTC Can Anything Stop the Rise of AMD? requires human review
self.triplets_df.iloc[row_idx]['output_triplets']="[('Advanced Micro Devices', 'COMPANY', 'More Talked About Than', None, 'Intel Corporation', 'COMPANY'), ('AMD', 'STOCKTICKER', 'Doubles In Value', None, 'Stock Price', 'FININSTRUMENTINFO'), ('Advanced Micro Devices', 'COMPANY', 'Pulls Back From', None, 'Crypto Equipment', 'PRODUCT'), ('Advanced Micro Devices', 'COMPANY', 'Divests Revenues From', None, 'Q1 2018 Crypto Revenue', 'FININSTRUMENTINFO'), ('Advanced Micro Devices', 'COMPANY', 'Invests In', None, '7 nm Ryzen Processors', 'PRODUCT'), ('Advanced Micro Devices', 'COMPANY', 'Invests In', None, 'Radeon Processors', 'PRODUCT'), ('Advanced Micro Devices', 'COMPANY', 'Invests In', None, 'EPYC Processors', 'PRODUCT')]"

2026-07-23T14:47:08Z - INFO - [MetricsComputator::compute_metrics] 'MU' 'SOXX, AMD, MU, LRCX: Large Outflows Detected at ETF' requires reprompt
2026-07-23T14:48:25Z - INFO - [MetricsComputator::compute_metrics] revised triplets : 
self.triplets_df.iloc[row_idx]['output_triplets']="[('Advanced Micro Devices Inc', 'COMPANY', 'Increases', None, 'Stock Price', 'FININSTRUMENTINFO'), ('Micron Technology Inc', 'COMPANY', 'Decreases', None, 'Stock Price', 'FININSTRUMENTINFO'), ('Lam Research Corp', 'COMPANY', 'Decreases', None, 'Stock Price', 'FININSTRUMENTINFO'), ('SOXX', 'FININSTRUMENTINFO', 'Represents Holdings Of', None, 'Semiconductor Companies', 'SECTOR'), ('SOXX', 'FININSTRUMENTINFO', 'Tracks Performance Against', None, '200 Day Moving Average', 'CONCEPT'), ('SOXX', 'FININSTRUMENTINFO', 'Has Low Point In Range', None, '15523', 'MACROINDICATOR'), ('SOXX', 'FININSTRUMENTINFO', 'Has High Point In Range', None, '25629', 'MACROINDICATOR')]"
[('Advanced Micro Devices Inc', 'COMPANY', 'Decreases', 'GFMK', 'Stock Price', 'FIN_INSTRUMENT_INFO'), ('Micron Technology Inc', 'COMPANY', 'Decreases', 'GFMK', 'Stock Price', 'FIN_INSTRUMENT_INFO'), ('Lam Research Corp', 'COMPANY', 'Decreases', 'GFMK', 'Stock Price', 'FIN_INSTRUMENT_INFO'), ('SOXX', 'FIN_INSTRUMENT_INFO', 'Tracks Performance Against', 'GMM', '200 Day Moving Average', 'CONCEPT'), ('SOXX', 'FIN_INSTRUMENT_INFO', 'Represents Holdings Of', 'SSI', 'Semiconductor Companies', 'SECTOR'), ('SOXX', 'FIN_INSTRUMENT_INFO', 'Experiences Outflow', 'GFMK', 'Investors', 'FINANCIAL_ENTITY'), ('SOXX', 'FIN_INSTRUMENT_INFO', 'Has Low Point In Range', 'MACRO_INDICATOR', '15523', 'ECON_INDICATOR'), ('SOXX', 'FIN_INSTRUMENT_INFO', 'Has High Point In Range', 'MACRO_INDICATOR', '25629', 'ECON_INDICATOR')]
2026-07-23T14:48:25Z - INFO - [MetricsComputator::compute_metrics] 'MU' 'SOXX, AMD, MU, LRCX: Large Outflows Detected at ETF' revised triplets updated.
2026-07-23T14:50:13Z - INFO - [MetricsComputator::compute_metrics] TSM Notable ETF Inflow Detected - SMH, TSM, INTC, TXN requires human review
self.triplets_df.iloc[row_idx]['output_triplets']="[('TSM', 'STOCKTICKER', 'Increases By', None, '12', 'FININSTRUMENTINFO'), ('INTC', 'STOCKTICKER', 'Decreases By', None, '11', 'FININSTRUMENTINFO'), ('TXN', 'STOCKTICKER', 'Increases By', None, '25', 'FININSTRUMENTINFO'), ('SMH Holdings', 'CONCEPT', 'Includes', None, 'TSM', 'STOCKTICKER'), ('SMH Holdings', 'CONCEPT', 'Includes', None, 'INTC', 'STOCKTICKER'), ('SMH Holdings', 'CONCEPT', 'Includes', None, 'TXN', 'STOCKTICKER'), ('SMH', 'FININSTRUMENTINFO', 'Tracks', None, 'Semiconductor Sector', 'SECTOR'), ('SMH', 'FININSTRUMENTINFO', 'Has 52 Week Low', None, '8649', 'CURRENCY'), ('SMH', 'FININSTRUMENTINFO', 'Has 52 Week High', None, '14494', 'CURRENCY'), ('SMH', 'FININSTRUMENTINFO', 'Last Trade Price', None, '14291', 'CURRENCY')]"

2026-07-23T14:51:45Z - INFO - [MetricsComputator::compute_metrics] 'TXN' 'Noteworthy Tuesday Option Activity: VEEV, TXN, CMI' requires reprompt
2026-07-23T14:52:57Z - INFO - [MetricsComputator::compute_metrics] revised triplets : 
self.triplets_df.iloc[row_idx]['output_triplets']="[('130 Strike Put Option', 'DERIVATIVE', 'Derives Value From', None, 'Texas Instruments Inc', 'COMPANY'), ('TXN Options', 'FININSTRUMENTINFO', 'Trade Volume Surges', None, 'Contracts', 'FININSTRUMENTINFO'), ('TXN Options', 'FININSTRUMENTINFO', 'Represents Underlying Shares Of', None, 'Texas Instruments Inc', 'COMPANY')]"
[('Veeva Systems Inc', 'COMPANY', 'Options Trade Volume Surges', 'GFMK', 'VEEV Options', 'DERIVATIVE'), ('Texas Instruments Inc.', 'COMPANY', 'Options Trade Volume Surges', 'GFMK', 'TXN Options', 'DERIVATIVE'), ('Cummins, Inc.', 'COMPANY', 'Options Trade Volume Surges', 'GFMK', 'CMI Options', 'DERIVATIVE'), ('VEEV Options', 'FIN_INSTRUMENT_INFO', 'Represents Underlying Shares Of', 'GFMK', 'Veeva Systems Inc', 'COMPANY'), ('TXN Options', 'FIN_INSTRUMENT_INFO', 'Represents Underlying Shares Of', 'GFMK', 'Texas Instruments Inc.', 'COMPANY'), ('CMI Options', 'FIN_INSTRUMENT_INFO', 'Represents Underlying Shares Of', 'GFMK', 'Cummins, Inc.', 'COMPANY')]
2026-07-23T14:52:57Z - INFO - [MetricsComputator::compute_metrics] 'TXN' 'Noteworthy Tuesday Option Activity: VEEV, TXN, CMI' revised triplets updated.
2026-07-23T14:54:51Z - INFO - [MetricsComputator::compute_metrics] 'QCOM' 'Is Qualcomm Setting Up for a Banner 24 Months? ' requires reprompt
2026-07-23T14:56:10Z - INFO - [MetricsComputator::compute_metrics] revised triplets : 
self.triplets_df.iloc[row_idx]['output_triplets']="[('Apple', 'COMPANY', 'Adds Clarity To', None, 'Business Model', 'CONCEPT'), ('Apple', 'COMPANY', 'Faces', None, 'Legal Challenges', 'CONCEPT'), ('Margins', 'ECONINDICATOR', 'Improved Notably', None, 'Free Cash Flow', 'ECONINDICATOR'), ('Qualcomm', 'COMPANY', 'Forecasts Positive Trends', None, 'Revenue', 'ECONINDICATOR'), ('Revenue', 'ECONINDICATOR', 'Justifies', None, 'Higher Stock Price', 'FININSTRUMENTINFO')]"
[('Qualcomm', 'COMPANY', 'Forecasts Positive Trends', 'GFMK', 'Revenue', 'ECON_INDICATOR'), ('Apple', 'COMPANY', 'Clarifies Business Model', 'SSI', 'Qualcomm', 'COMPANY'), ('Qualcomm', 'COMPANY', 'Impacts Stock Price', 'GMM', 'Stock Buyback', 'FIN_INSTRUMENT_INFO'), ('Qualcomm', 'COMPANY', 'Improves Margins And Free Cash Flow', 'GFMK', 'Profit', 'ECON_INDICATOR'), ('Qualcomm', 'COMPANY', 'Surpass Growth Projections', 'GMM', 'Revenue', 'ECON_INDICATOR')]
2026-07-23T14:56:10Z - INFO - [MetricsComputator::compute_metrics] 'QCOM' 'Is Qualcomm Setting Up for a Banner 24 Months? ' revised triplets updated.
2026-07-23T14:57:23Z - INFO - [MetricsComputator::compute_metrics] QCOM Noteworthy Tuesday Option Activity: ALXN, ANTM, QCOM requires human review
self.triplets_df.iloc[row_idx]['output_triplets']="[('Traders', 'CONCEPT', 'Buy', None, '90 Strike Call Option', 'DERIVATIVE'), ('90 Strike Call Option', 'DERIVATIVE', 'Derives Value From', None, 'Qualcomm Inc', 'COMPANY'), ('Call Option Volume', 'FININSTRUMENTINFO', 'Signifies', None, 'Bullish Sentiment', 'CONCEPT')]"

2026-07-23T14:58:58Z - INFO - [MetricsComputator::compute_metrics] INTC Dow Jones News: Intel Product Reveals Fail to Impress; Boeing Rises on Buffett Rumor requires human review
self.triplets_df.iloc[row_idx]['output_triplets']="[('Intel', 'COMPANY', 'Faces Competition From', None, 'AMD', 'COMPANY'), ('AMD', 'COMPANY', 'Introduces', None, 'Ryzen 4000 mobile processors', 'PRODUCT'), ('Ryzen 4000 mobile processors', 'PRODUCT', 'Based On', None, 'Zen 2 architecture', 'CONCEPT'), ('Intel', 'COMPANY', 'Experiences Delay In', None, '10nanometer manufacturing process', 'CONCEPT'), ('AMD', 'COMPANY', 'Competes With', None, 'Intel', 'COMPANY')]"

2026-07-23T15:00:16Z - INFO - [MetricsComputator::compute_metrics] AMD 3 Semiconductor Stocks to Buy requires human review
self.triplets_df.iloc[row_idx]['output_triplets']="[('Advanced Micro Devices', 'COMPANY', 'Has', None, 'Stock Price', 'FININSTRUMENTINFO'), ('Advanced Micro Devices', 'COMPANY', 'Shows', None, 'Bullish Trend', 'CONCEPT'), ('Advanced Micro Devices', 'COMPANY', 'Outperforms', None, 'Market', 'SECTOR'), ('2019 Gain', 'ECONINDICATOR', 'Equals', None, '148 Percent Increase', 'CONCEPT')]"

2026-07-23T15:01:20Z - INFO - [MetricsComputator::compute_metrics] 'MU' 'Tuesday Sector Leaders: Technology & Communications, Materials' requires reprompt
2026-07-23T15:02:35Z - INFO - [MetricsComputator::compute_metrics] revised triplets : 
self.triplets_df.iloc[row_idx]['output_triplets']="[('Technology  Communications', 'SECTOR', 'Outperforms', None, 'Other Sectors', 'CONCEPT'), ('Micron Technology Inc', 'COMPANY', 'Shows Gain In', None, 'Stock Price', 'FININSTRUMENTINFO'), ('Western Digital Corp', 'COMPANY', 'Shows Gain In', None, 'Stock Price', 'FININSTRUMENTINFO')]"
[('Technology & Communications', 'SECTOR', 'Outperforms', 'GFMK', 'Other Sectors', 'CONCEPT'), ('Micron Technology Inc', 'COMPANY', 'Shows Gain In', 'GMM', 'Stock Price', 'FIN_INSTRUMENT_INFO'), ('Western Digital Corp', 'COMPANY', 'Shows Gain In', 'GMM', 'Stock Price', 'FIN_INSTRUMENT_INFO'), ('Technology Select Sector SPDR ETF', 'FINANCIAL_ENTITY', 'Follows', 'SSI', 'Technology & Communications', 'SECTOR'), ('FMC Corp.', 'COMPANY', 'Shows Gain In', 'GMM', 'Stock Price', 'FIN_INSTRUMENT_INFO'), ('Albemarle Corp.', 'COMPANY', 'Shows Gain In', 'GMM', 'Stock Price', 'FIN_INSTRUMENT_INFO'), ('Materials Select Sector SPDR ETF', 'FINANCIAL_ENTITY', 'Follows', 'SSI', 'Materials', 'SECTOR'), ('Industrial sector', 'SECTOR', 'Is Flat', 'GFMK', 'N/A', 'CONCEPT'), ('Services sector', 'SECTOR', 'Declines In', 'GMM', 'Stock Price', 'FIN_INSTRUMENT_INFO'), ('Healthcare sector', 'SECTOR', 'Declines In', 'GMM', 'Stock Price', 'FIN_INSTRUMENT_INFO'), ('Energy sector', 'SECTOR', 'Declines In', 'GMM', 'Stock Price', 'FIN_INSTRUMENT_INFO'), ('Utilities sector', 'SECTOR', 'Declines In', 'GMM', 'Stock Price', 'FIN_INSTRUMENT_INFO'), ('Consumer Products sector', 'SECTOR', 'Declines In', 'GMM', 'Stock Price', 'FIN_INSTRUMENT_INFO'), ('Financial sector', 'SECTOR', 'Declines In', 'GMM', 'Stock Price', 'FIN_INSTRUMENT_INFO')]
2026-07-23T15:02:35Z - INFO - [MetricsComputator::compute_metrics] 'MU' 'Tuesday Sector Leaders: Technology & Communications, Materials' revised triplets updated.
2026-07-23T15:02:35Z - INFO - [MetricsComputator::save_partial] Saved partial progress to output/triplets_qwen2.5:14b_semi_cleaned_data_summary_JudgeLLM_metrics_computation.csv
2026-07-23T15:04:01Z - INFO - [MetricsComputator::compute_metrics] 'MU' 'Noteworthy Tuesday Option Activity: MCHP, MU, PGR' requires reprompt
2026-07-23T15:05:12Z - INFO - [MetricsComputator::compute_metrics] revised triplets : 
self.triplets_df.iloc[row_idx]['output_triplets']="[('57 Strike Call Option', 'DERIVATIVE', 'Derives Value From', None, 'MU', 'STOCKTICKER'), ('57 Strike Call Option', 'DERIVATIVE', 'High Volume In', None, 'Contracts Trading', 'CONCEPT'), ('Contracts Trading', 'FININSTRUMENTINFO', 'Represents Underlying Shares Of', None, 'MU', 'STOCKTICKER'), ('MCHP Options', 'DERIVATIVE', 'Derives Value From', None, 'MCHP', 'STOCKTICKER'), ('MCHP Options', 'DERIVATIVE', 'High Volume In', None, 'Contracts Trading', 'CONCEPT'), ('Contracts Trading', 'FININSTRUMENTINFO', 'Represents Underlying Shares Of', None, 'MCHP', 'STOCKTICKER')]"
[('110 Strike Call Option', 'DERIVATIVE', 'Derives Value From', 'GFMK', 'MCHP', 'STOCK_TICKER'), ('57 Strike Call Option', 'DERIVATIVE', 'Derives Value From', 'GFMK', 'MU', 'STOCK_TICKER'), ('60 Strike Call Option', 'DERIVATIVE', 'Derives Value From', 'GFMK', 'PGR', 'STOCK_TICKER'), ('110 Strike Call Option', 'DERIVATIVE', 'High Volume In', 'GMM', 'Contracts Trading', 'FIN_INSTRUMENT_INFO'), ('57 Strike Call Option', 'DERIVATIVE', 'High Volume In', 'GMM', 'Contracts Trading', 'FIN_INSTRUMENT_INFO'), ('60 Strike Call Option', 'DERIVATIVE', 'High Volume In', 'GMM', 'Contracts Trading', 'FIN_INSTRUMENT_INFO'), ('110 Strike Call Option', 'FIN_INSTRUMENT_INFO', 'Represents Underlying Shares Of', 'GFMK', 'MCHP', 'STOCK_TICKER'), ('57 Strike Call Option', 'FIN_INSTRUMENT_INFO', 'Represents Underlying Shares Of', 'GFMK', 'MU', 'STOCK_TICKER'), ('60 Strike Call Option', 'FIN_INSTRUMENT_INFO', 'Represents Underlying Shares Of', 'GFMK', 'PGR', 'STOCK_TICKER')]
2026-07-23T15:05:12Z - INFO - [MetricsComputator::compute_metrics] 'MU' 'Noteworthy Tuesday Option Activity: MCHP, MU, PGR' revised triplets updated.
2026-07-23T15:06:07Z - INFO - [MetricsComputator::compute_metrics] MU Tuesday's ETF Movers: SOXX, OIH requires human review
self.triplets_df.iloc[row_idx]['output_triplets']="[('Micron Technology', 'COMPANY', 'Experiences Price Increase', None, 'Stock Price', 'FININSTRUMENTINFO'), ('Microchip Technology', 'COMPANY', 'Experiences Price Increase', None, 'Stock Price', 'FININSTRUMENTINFO'), ('Valaris', 'COMPANY', 'Experiences Price Decrease', None, 'Stock Price', 'FININSTRUMENTINFO'), ('Noble', 'COMPANY', 'Experiences Price Decrease', None, 'Stock Price', 'FININSTRUMENTINFO')]"

2026-07-23T15:07:01Z - INFO - [MetricsComputator::compute_metrics] 'MU' 'Nasdaq 100 Movers: ISRG, MU' is good enough
2026-07-23T15:08:10Z - INFO - [MetricsComputator::compute_metrics] 'AMAT' 'This Semiconductor Stock Got a Big Boost from Analysts' requires reprompt
2026-07-23T15:09:00Z - INFO - [MetricsComputator::compute_metrics] revised triplets : 
self.triplets_df.iloc[row_idx]['output_triplets']="[('Trade War', 'CONCEPT', 'Applies Downside Pressure On', None, 'Semiconductor Industry', 'SECTOR'), ('AMAT', 'COMPANY', 'Bucks Trend Of', None, 'Downside Pressure', 'CONCEPT'), ('AMAT', 'COMPANY', 'Beats Expectations For', None, '2019', 'MACROINDICATOR'), ('Trade War', 'CONCEPT', 'Increases Exposure To', None, 'Chinese Economy', 'CONCEPT')]"
[('AMAT', 'COMPANY', 'Beats Expectations For', 'SSI', '2019 Q4', 'MACRO_INDICATOR'), ('Trade War', 'CONCEPT', 'Impacts', 'GMM', 'Semiconductor Industry', 'SECTOR'), ('AMAT', 'COMPANY', 'Issues Bullish Guidance On', 'SSI', 'Q1 2020', 'MACRO_INDICATOR'), ('Nomura Instinet', 'FINANCIAL_ENTITY', 'Upgrades Stock Of', 'GFMK', 'AMAT', 'STOCK_TICKER'), ('Trade Deal Signing', 'EVENT', 'Impacts', 'GMM', 'AMAT', 'COMPANY'), ('AMAT', 'COMPANY', 'Pulls Back With', 'GMM', 'Market', 'FIN_INSTRUMENT_INFO')]
2026-07-23T15:09:00Z - INFO - [MetricsComputator::compute_metrics] 'AMAT' 'This Semiconductor Stock Got a Big Boost from Analysts' revised triplets updated.
2026-07-23T15:09:56Z - INFO - [MetricsComputator::compute_metrics] 'MU' 'Tuesday Sector Leaders: Semiconductors, Sporting Goods & Activities' is good enough
2026-07-23T15:11:09Z - INFO - [MetricsComputator::compute_metrics] MU Breakingviews - Samsung signals memory-chip cycle’s new normal requires human review
self.triplets_df.iloc[row_idx]['output_triplets']="[('Bernstein', 'FINANCIALENTITY', 'Estimates', None, 'Industry DRAM Memory Capex', 'ECONINDICATOR'), ('Industry DRAM Memory Capex', 'ECONINDICATOR', 'Decreases By', None, '25', 'CONCEPT'), ('Samsung', 'COMPANY', 'Releases', None, 'Detailed Earnings', 'FININSTRUMENTINFO'), ('Samsung', 'COMPANY', 'Expected To Post', None, 'Steepest Percentage Drop In Annual Net Profit', 'ECONINDICATOR'), ('SK Hynix', 'COMPANY', 'Manufactures', None, 'DRAM Chips', 'PRODUCT'), ('Micron', 'COMPANY', 'Manufactures', None, 'DRAM Chips', 'PRODUCT')]"

2026-07-23T15:12:11Z - INFO - [MetricsComputator::compute_metrics] QCOM Qualcomm Snapdragon Ride-enabled Vehicles To Be In Production In 2023 requires human review
self.triplets_df.iloc[row_idx]['output_triplets']="[('Qualcomm Technologies', 'COMPANY', 'Launches', None, 'Snapdragon Ride', 'PRODUCT'), ('Snapdragon Ride', 'PRODUCT', 'Available To', None, 'Automakers', 'CONCEPT'), ('Snapdragon Ride', 'PRODUCT', 'Available To', None, 'Tier1 Suppliers', 'CONCEPT')]"

2026-07-23T15:13:46Z - INFO - [MetricsComputator::compute_metrics] QCOM Daily Markets: Has The Flight-to-Safety Trade Ended Already? requires human review
self.triplets_df.iloc[row_idx]['output_triplets']="[('Qualcomm', 'COMPANY', 'Announces', None, 'CartoCloud service', 'PRODUCT'), ('Qualcomm', 'COMPANY', 'Partners With', None, 'Tematica Research', 'FINANCIALENTITY'), ('Tematica Researchs Thematic Dividend All Stars Index', 'CONCEPT', 'Includes', None, 'Qualcomm', 'COMPANY')]"

2026-07-23T15:15:12Z - INFO - [MetricsComputator::compute_metrics] 'INTC' '3 Top Tech Stocks to Buy Right Now' requires reprompt
2026-07-23T15:16:35Z - INFO - [MetricsComputator::compute_metrics] revised triplets : 
self.triplets_df.iloc[row_idx]['output_triplets']="[('AMD', 'COMPANY', 'Competes With', None, 'Intel', 'COMPANY'), ('CEO Lisa Su', 'CONCEPT', 'Transforms', None, 'AMD', 'COMPANY'), ('AMD', 'COMPANY', 'Experiences', None, 'Stock Price Growth', 'FININSTRUMENTINFO')]"
[('AMD', 'COMPANY', 'Competes With', 'GFMK', 'Intel', 'COMPANY'), ('Lisa Su', 'CONCEPT', 'Transforms', 'SSI', 'AMD', 'COMPANY'), ('AMD', 'COMPANY', 'Experiences', 'GFMK', 'Stock Price Growth', 'FIN_INSTRUMENT_INFO'), ('AMD', 'COMPANY', 'Reports', 'GMM', 'Positive Earnings', 'ECON_INDICATOR'), ('Adobe Systems', 'COMPANY', 'Benefits From', 'SSI', 'Cloud Computing Trend', 'CONCEPT'), ('Adobe Systems', 'COMPANY', 'Experiences', 'GFMK', 'Revenue Growth', 'FIN_INSTRUMENT_INFO'), ('Twitter', 'COMPANY', 'Faces', 'GMM', 'Investor Skepticism', 'CONCEPT'), ('Twitter', 'COMPANY', 'Benefits From', 'SSI', 'Advertising Spend Increase', 'ECON_INDICATOR')]
2026-07-23T15:16:35Z - INFO - [MetricsComputator::compute_metrics] 'INTC' '3 Top Tech Stocks to Buy Right Now' revised triplets updated.
2026-07-23T15:17:56Z - INFO - [MetricsComputator::compute_metrics] 'AMD' 'AMD Unveils Radeon RX 5600 Graphics Products For Higher Gaming Performance' requires reprompt
2026-07-23T15:18:47Z - INFO - [MetricsComputator::compute_metrics] revised triplets : 
self.triplets_df.iloc[row_idx]['output_triplets']="[('AMD', 'COMPANY', 'Unveils', None, 'Radeon RX 5600 GPU', 'PRODUCT'), ('Radeon RX 5600M GPU', 'PRODUCT', 'Ensures', None, 'WorldClass Gaming Experience', 'CONCEPT'), ('AMD', 'COMPANY', 'Unveils', None, 'Radeon RX 5700M GPUs', 'PRODUCT'), ('Radeon RX 5700M GPUs', 'PRODUCT', 'Power', None, 'HighPerformance Gaming Laptops', 'CONCEPT')]"
[('AMD', 'COMPANY', 'Unveils', 'GFMK', 'Radeon RX 5600 XT', 'PRODUCT'), ('AMD', 'COMPANY', 'Unveils', 'GFMK', 'Radeon RX 5600M GPU', 'PRODUCT'), ('AMD', 'COMPANY', 'Unveils', 'GFMK', 'Radeon RX 5700M GPUs', 'PRODUCT'), ('Radeon RX 5600 XT', 'PRODUCT', 'Provides', 'GFMK', 'High Performance Gaming Experience', 'CONCEPT'), ('Radeon RX 5600M GPU', 'PRODUCT', 'Ensures', 'GMM', 'World Class 1080p Gaming', 'CONCEPT'), ('Radeon RX 5700M GPUs', 'PRODUCT', 'Powers', 'SSI', 'High Performance Gaming Laptops', 'CONCEPT')]
2026-07-23T15:18:47Z - INFO - [MetricsComputator::compute_metrics] 'AMD' 'AMD Unveils Radeon RX 5600 Graphics Products For Higher Gaming Performance' revised triplets updated.
2026-07-23T15:18:47Z - INFO - [MetricsComputator::save_partial] Saved partial progress to output/triplets_qwen2.5:14b_semi_cleaned_data_summary_JudgeLLM_metrics_computation.csv
2026-07-23T15:20:14Z - INFO - [MetricsComputator::compute_metrics] 'MU' '2 Stocks That Rocked the Market on Tuesday' requires reprompt
2026-07-23T15:21:15Z - INFO - [MetricsComputator::compute_metrics] revised triplets : 
self.triplets_df.iloc[row_idx]['output_triplets']="[('Micron Technology', 'COMPANY', 'Partners With', None, 'Hyundai', 'COMPANY'), ('Micron Technology', 'COMPANY', 'Experiences Price Increase', None, 'Stock Price', 'FININSTRUMENTINFO')]"
[('Micron Technology', 'COMPANY', 'Upgrades Stock Recommendation To', 'GFMK', 'Cowen', 'FINANCIAL_ENTITY'), ('Micron Technology', 'COMPANY', 'Experiences Price Increase', 'GMM', 'Stock Price', 'FIN_INSTRUMENT_INFO'), ('Uber Technologies', 'COMPANY', 'Collaborates On', 'GMM', 'Hyundai', 'COMPANY'), ('Uber Technologies', 'COMPANY', 'Introduces New Product', 'SSI', 'eVTOL', 'PRODUCT')]
2026-07-23T15:21:15Z - INFO - [MetricsComputator::compute_metrics] 'MU' '2 Stocks That Rocked the Market on Tuesday' revised triplets updated.
2026-07-23T15:23:06Z - INFO - [MetricsComputator::compute_metrics] 'AMAT' 'After Growing 18% In 2 Years, Why Is Texas Instruments' Revenue Expected To Drop 3% Over The Next 2 Years?' requires reprompt
2026-07-23T15:24:33Z - INFO - [MetricsComputator::compute_metrics] revised triplets : 
self.triplets_df.iloc[row_idx]['output_triplets']="[('Total Revenue', 'ECONINDICATOR', 'Decreases', None, 'Revenue', 'ECONINDICATOR'), ('Total Revenue', 'ECONINDICATOR', 'Increases', None, 'Revenue', 'ECONINDICATOR'), ('TIs Products', 'PRODUCT', 'Negative Impact From', None, 'Cooling Demand', 'CONCEPT'), ('Trade War', 'CONCEPT', 'Negative Impact On', None, 'Revenue', 'ECONINDICATOR'), ('Trade War', 'CONCEPT', 'Negative Impact On', None, 'TIs Products', 'PRODUCT'), ('Communications Space', 'SECTOR', 'Positive Impact On', None, 'Demand', 'CONCEPT'), ('5G Networks', 'CONCEPT', 'Positive Impact On', None, 'Communications Space', 'SECTOR'), ('Revenue Growth', 'ECONINDICATOR', 'Positive Impact On', None, 'Stock Price', 'FININSTRUMENTINFO'), ('Margins', 'ECONINDICATOR', 'Increases', None, 'Profitability', 'ECONINDICATOR'), ('Shares Outstanding', 'FININSTRUMENTINFO', 'Decreases', None, 'Supply', 'CONCEPT')]"
[('Texas Instruments', 'COMPANY', 'Decreases Revenue', 'GFMK', 'Total Revenue', 'ECON_INDICATOR'), ('Texas Instruments', 'COMPANY', 'Increases Demand', 'SSI', 'Communications Space', 'SECTOR'), ('Analog Semiconductors', 'PRODUCT', 'Drives Revenue', 'GMM', 'Texas Instruments', 'COMPANY'), ('Trade War US-China', 'EVENT', 'Impacts Revenue', 'GFMK', 'Texas Instruments Products', 'PRODUCT'), ('Cooling Demand', 'CONCEPT', 'Reduces Revenue', 'SSI', 'Analog Semiconductors', 'PRODUCT'), ('Embedded Processors', 'PRODUCT', 'Declines Revenue', 'GMM', 'Total Revenue', 'ECON_INDICATOR'), ('Other Revenue', 'PRODUCT', 'Decreases Revenue', 'GFMK', 'Texas Instruments', 'COMPANY'), ('5G Networks', 'CONCEPT', 'Boosts Demand', 'SSI', 'Communications Space', 'SECTOR'), ('Revenue Growth', 'ECON_INDICATOR', 'Increases Stock Price', 'GMM', 'Texas Instruments', 'COMPANY'), ('Margins', 'ECON_INDICATOR', 'Improves Profitability', 'GFMK', 'Texas Instruments', 'COMPANY')]
2026-07-23T15:24:33Z - INFO - [MetricsComputator::compute_metrics] 'AMAT' 'After Growing 18% In 2 Years, Why Is Texas Instruments' Revenue Expected To Drop 3% Over The Next 2 Years?' revised triplets updated.
2026-07-23T15:25:41Z - INFO - [MetricsComputator::compute_metrics] 'QCOM' '5 Semiconductor Stocks Soaring Higher' requires reprompt
2026-07-23T15:26:35Z - INFO - [MetricsComputator::compute_metrics] revised triplets : 
self.triplets_df.iloc[row_idx]['output_triplets']="[('Qualcomm', 'COMPANY', 'Reports', None, 'Results', 'CONCEPT'), ('Qualcomm', 'COMPANY', 'Bounces Off Of', None, 'Uptrend Support', 'CONCEPT')]"
[('Micron Technology', 'COMPANY', 'Reports', 'GFMK', 'Results', 'CONCEPT'), ('Qualcomm', 'COMPANY', 'Reports', 'GFMK', 'Results', 'CONCEPT'), ('Western Digital', 'COMPANY', 'Reports', 'GFMK', 'Results', 'CONCEPT'), ('Texas Instruments', 'COMPANY', 'Reports', 'GFMK', 'Results', 'CONCEPT'), ('Applied Materials', 'COMPANY', 'Reports', 'GFMK', 'Results', 'CONCEPT'), ('Cowen', 'FINANCIAL_ENTITY', 'Upgrades', 'SSI', 'Micron Technology', 'COMPANY')]
2026-07-23T15:26:35Z - INFO - [MetricsComputator::compute_metrics] 'QCOM' '5 Semiconductor Stocks Soaring Higher' revised triplets updated.
2026-07-23T15:28:04Z - INFO - [MetricsComputator::compute_metrics] 'INTC' 'After Growing Almost 70% Over The Last 2 Years, Why Is Nvidia's Revenue Expected To Grow Only 4% By 2021?' is good enough
2026-07-23T15:29:42Z - INFO - [MetricsComputator::compute_metrics] 'INTC' 'AMD Goes After Intel's Laptop Empire With Ryzen 4000 Mobile' requires reprompt
2026-07-23T15:30:36Z - INFO - [MetricsComputator::compute_metrics] revised triplets : 
self.triplets_df.iloc[row_idx]['output_triplets']="[('Advanced Micro Devices', 'COMPANY', 'Gains Market Share From', None, 'Intel Corporation', 'COMPANY'), ('Intel Corporation', 'COMPANY', 'Plans To Launch', None, 'Tiger Lake mobile chips', 'PRODUCT'), ('10nm', 'CONCEPT', 'Is Used In', None, 'Tiger Lake mobile chips', 'PRODUCT'), ('Xe graphics architecture', 'PRODUCT', 'Features In', None, 'Tiger Lake mobile chips', 'PRODUCT'), ('Intel Corporation', 'COMPANY', 'Works To Convince', None, 'Laptop OEMs', 'CONCEPT'), ('Intel Corporation', 'COMPANY', 'Works To Reverse', None, 'Consumer Perception Damage', 'CONCEPT')]"
[('Advanced Micro Devices', 'COMPANY', 'Gains Market Share From', 'SSI', 'Intel Corporation', 'COMPANY'), ('Advanced Micro Devices', 'COMPANY', 'Launches Product', 'SSI', 'Ryzen 4000 mobile chips', 'PRODUCT'), ('Intel Corporation', 'COMPANY', 'Plans To Launch', 'SSI', 'Tiger Lake mobile chips', 'PRODUCT'), ('AMD Ryzen Mobile', 'PRODUCT', 'Competes Against', 'SSI', 'Intel Core Processors', 'PRODUCT')]
2026-07-23T15:30:36Z - INFO - [MetricsComputator::compute_metrics] 'INTC' 'AMD Goes After Intel's Laptop Empire With Ryzen 4000 Mobile' revised triplets updated.
2026-07-23T15:31:58Z - INFO - [MetricsComputator::compute_metrics] 'INTC' 'The Story Remains the Same for Advanced Micro Devices Stock' requires reprompt
2026-07-23T15:33:00Z - INFO - [MetricsComputator::compute_metrics] revised triplets : 
self.triplets_df.iloc[row_idx]['output_triplets']="[('Advanced Micro Devices', 'COMPANY', 'Experiences Price Increase', None, 'Stock Price', 'FININSTRUMENTINFO'), ('Stock Price', 'FININSTRUMENTINFO', 'Surpasses', None, 'Average Estimate', 'CONCEPT')]"
[('Advanced Micro Devices', 'COMPANY', 'Experiences Price Increase', 'GFMK', 'Stock Price', 'FIN_INSTRUMENT_INFO'), ('Advanced Micro Devices', 'COMPANY', 'Surpasses', 'SSI', 'Average Estimate', 'ECON_INDICATOR'), ('Advanced Micro Devices', 'COMPETITOR', 'Competes With', 'SSI', 'Intel', 'COMPANY'), ('AMD Ryzen CPUs', 'PRODUCT', 'Attracts Demand For', 'GMM', 'Cloud Computing Market', 'SECTOR'), ('Advanced Micro Devices', 'INVESTOR_PERCEPTION', 'Outweighs Skepticism', 'GFMK', 'Market Share Gains', 'ECON_INDICATOR'), ('Advanced Micro Devices', 'VALUATION_RISK', 'Concerned About', 'GMM', 'Future Gross Margins', 'ECON_INDICATOR')]
2026-07-23T15:33:00Z - INFO - [MetricsComputator::compute_metrics] 'INTC' 'The Story Remains the Same for Advanced Micro Devices Stock' revised triplets updated.
2026-07-23T15:34:17Z - INFO - [MetricsComputator::compute_metrics] 'TXN' 'How Important Is Cost Of Sales To Micron's Expenses And Overall Profitability?' requires reprompt
2026-07-23T15:35:14Z - INFO - [MetricsComputator::compute_metrics] revised triplets : 
self.triplets_df.iloc[row_idx]['output_triplets']="[('Micron', 'COMPANY', 'Reports', None, 'Net Income Margin', 'ECONINDICATOR'), ('Net Income Margin', 'ECONINDICATOR', 'Increases To', None, '30', 'MACROINDICATOR'), ('Projected Growth', 'CONCEPT', 'Positive Impact On', None, 'Micron', 'COMPANY'), ('Micron', 'COMPANY', 'Experiences Price Increase', None, 'Stock Price', 'FININSTRUMENTINFO'), ('Margins', 'ECONINDICATOR', 'Decreases', None, 'Revenue', 'ECONINDICATOR'), ('Cost of Goods Sold', 'FININSTRUMENTINFO', 'Increases', None, 'Raw Material Costs', 'PRODUCT'), ('RD Expenses', 'FININSTRUMENTINFO', 'Increase As Percentage Of Revenue', None, '9', 'MACROINDICATOR')]"
[('Micron', 'COMPANY', 'Reports', 'GFMK', 'Net Income Margin', 'ECON_INDICATOR'), ('Cost of Goods Sold', 'FIN_INSTRUMENT_INFO', 'Increases Due To', 'GMM', 'Raw Material Costs', 'PRODUCT'), ('SG&A Expense', 'FIN_INSTRUMENT_INFO', 'Grows Steadily', 'SSI', 'Micron', 'COMPANY'), ('Research & Development Expenses', 'FIN_INSTRUMENT_INFO', 'Increase As Percentage Of Revenue', 'SSI', 'Micron', 'COMPANY'), ('Net Income Margin', 'ECON_INDICATOR', 'Decreases Due To', 'GMM', 'Revenue Drop', 'MACRO_INDICATOR'), ('Stock Price', 'FIN_INSTRUMENT_INFO', 'Rises Due To', 'GFMK', 'Projected Growth', 'CONCEPT')]
2026-07-23T15:35:14Z - INFO - [MetricsComputator::compute_metrics] 'TXN' 'How Important Is Cost Of Sales To Micron's Expenses And Overall Profitability?' revised triplets updated.
2026-07-23T15:36:50Z - INFO - [MetricsComputator::compute_metrics] 'INTC' 'Should You Buy AMD's Stock at Its All-Time High?' requires reprompt
2026-07-23T15:37:57Z - INFO - [MetricsComputator::compute_metrics] revised triplets : 
self.triplets_df.iloc[row_idx]['output_triplets']="[('AMD', 'COMPANY', 'Struggled To Compete Against', None, 'Intel', 'COMPANY'), ('AMD', 'COMPANY', 'Struggled To Compete Against', None, 'NVIDIA', 'COMPANY'), ('AMD', 'COMPANY', 'Invests Cash Flows From', None, 'APUs For PS4 And Xbox One', 'PRODUCT'), ('AMD', 'COMPANY', 'Develops CPUs That Match Performance Of', None, 'Intel', 'COMPANY'), ('AMD', 'COMPANY', 'Develops GPUs That Match Performance Of', None, 'NVIDIA', 'COMPANY'), ('AMD', 'COMPANY', 'Competes With Lower Price Points Than', None, 'Intel', 'COMPANY'), ('AMD', 'COMPANY', 'Competes With Lower Price Points Than', None, 'NVIDIA', 'COMPANY'), ('AMD', 'COMPANY', 'Remains Main Chipmaker For PS5 Of', None, 'Sony', 'COMPANY'), ('AMD', 'COMPANY', 'Remains Main Chipmaker For Xbox Series X Of', None, 'Microsoft', 'COMPANY')]"
[('AMD', 'COMPANY', 'Surpasses In CPU Market Share', 'GFMK', 'Intel', 'COMPANY'), ('AMD', 'COMPANY', 'Surpasses In GPU Market Share', 'GFMK', 'NVIDIA', 'COMPANY'), ('AMD', 'COMPANY', 'Invests Cash Flows From PS4 And Xbox One', 'GMM', 'APUs', 'PRODUCT'), ('AMD', 'COMPANY', 'Competes With Lower Prices Than', 'SSI', 'Intel', 'COMPANY'), ('AMD', 'COMPANY', 'Competes With Lower Prices Than', 'SSI', 'NVIDIA', 'COMPANY'), ('AMD', 'COMPANY', 'Remains Main Chipmaker For PS5', 'GMM', 'Sony', 'COMPANY'), ('AMD', 'COMPANY', 'Remains Main Chipmaker For Xbox Series X', 'GMM', 'Microsoft', 'COMPANY')]
2026-07-23T15:37:57Z - INFO - [MetricsComputator::compute_metrics] 'INTC' 'Should You Buy AMD's Stock at Its All-Time High?' revised triplets updated.
2026-07-23T15:39:53Z - INFO - [MetricsComputator::compute_metrics] INTC 3 Technology CES Stocks to Buy for 2020 requires human review
self.triplets_df.iloc[row_idx]['output_triplets']="[('iRobot', 'COMPANY', 'Partners With', None, 'IFTTT', 'COMPANY'), ('iRobot', 'COMPANY', 'Negative Impact On', None, 'Stock Price', 'FININSTRUMENTINFO'), ('Trade War Concerns', 'CONCEPT', 'Negative Impact On', None, 'iRobot Stock', 'FININSTRUMENTINFO')]"

2026-07-23T15:41:49Z - INFO - [MetricsComputator::compute_metrics] INTC As Pricey as AMD Stock Seems, It Still Has Room to Run requires human review
self.triplets_df.iloc[row_idx]['output_triplets']="[('AMD', 'COMPANY', 'Gains Ground On', None, 'Intel Corporation', 'COMPANY'), ('AMD', 'COMPANY', 'Competes With', None, 'Intel Corporation', 'COMPANY'), ('Intel Corporation', 'COMPANY', 'Has Weaker Position Than', None, 'AMD', 'COMPANY'), ('Price War', 'CONCEPT', 'Negative Impact On', None, 'Profitability', 'ECONINDICATOR')]"

2026-07-23T15:41:49Z - INFO - [MetricsComputator::save_partial] Saved partial progress to output/triplets_qwen2.5:14b_semi_cleaned_data_summary_JudgeLLM_metrics_computation.csv
2026-07-23T15:44:05Z - INFO - [MetricsComputator::compute_metrics] 'AMD' 'The Top Tech From CES 2020' requires reprompt
2026-07-23T15:45:45Z - INFO - [MetricsComputator::compute_metrics] revised triplets : 
self.triplets_df.iloc[row_idx]['output_triplets']="[('Intel', 'COMPANY', 'Competes With', None, 'AMD', 'COMPANY'), ('AMD', 'COMPANY', 'Outperforms', None, 'Tech Stocks', 'SECTOR'), ('Ryzen 7 4800U', 'PRODUCT', 'Surpasses', None, 'Core i7', 'PRODUCT')]"
[('Sony', 'COMPANY', 'Unveils', 'GMM', 'Vision-S', 'PRODUCT'), ('Linksys', 'COMPANY', 'Shows Off', 'GMM', '5G Mesh Router', 'PRODUCT'), ('Microsoft', 'COMPANY', 'Hints At', 'GMM', 'Xbox Series X', 'PRODUCT'), ('Intel', 'COMPANY', 'Pushes', 'GFMK', 'Tiger Lake Processors', 'PRODUCT'), ('AMD', 'COMPANY', 'Unveils', 'GMM', 'Ryzen 4000-Series CPUs', 'PRODUCT'), ('Samsung', 'COMPANY', 'Shows Off', 'GMM', 'Chromebook Tab S7', 'PRODUCT'), ('Apple', 'COMPANY', 'Sends', 'GFMK', 'Privacy Chief Jane Horvath', 'FINANCIAL_ENTITY'), ('Intel', 'COMPANY', 'Competes With', 'SSI', 'AMD', 'COMPANY'), ('Ryzen 4000-Series CPUs', 'PRODUCT', 'Surpasses', 'GMM', 'Core i7 Processors', 'PRODUCT')]
2026-07-23T15:45:45Z - INFO - [MetricsComputator::compute_metrics] 'AMD' 'The Top Tech From CES 2020' revised triplets updated.
2026-07-23T15:48:26Z - INFO - [MetricsComputator::compute_metrics] MU 5 Stocks That Could Double in 2020 requires human review
self.triplets_df.iloc[row_idx]['output_triplets']="[('Packaged Foods Sector', 'SECTOR', 'Has Average Forward Multiple Of', None, '175 times', 'FININSTRUMENTINFO'), ('Beyond Meat', 'COMPANY', 'Equates Price Target To', None, 'Over 110', 'FININSTRUMENTINFO'), ('NIO', 'COMPANY', 'Implies Price Target Of', None, '9', 'FININSTRUMENTINFO'), ('Alcoholic Beverage Producers', 'SECTOR', 'Has Average Forward Multiple Of', None, '20 times', 'FININSTRUMENTINFO'), ('CGC', 'STOCKTICKER', 'Equates Price Target To', None, '100', 'FININSTRUMENTINFO')]"

2026-07-23T15:50:06Z - INFO - [MetricsComputator::compute_metrics] 'AMD' 'What Are The Factors Behind A 50% Growth In AMD's Revenue Over The Past 2 Years?' requires reprompt
2026-07-23T15:51:15Z - INFO - [MetricsComputator::compute_metrics] revised triplets : 
self.triplets_df.iloc[row_idx]['output_triplets']="[('AMD', 'COMPANY', 'Forecasts Increase In', None, 'Revenue', 'ECONINDICATOR'), ('Ryzen', 'PRODUCT', 'Drives Growth For', None, 'Revenue', 'ECONINDICATOR'), ('Radeon', 'PRODUCT', 'Contributes To', None, 'Revenue', 'ECONINDICATOR'), ('AMD', 'COMPANY', 'Plans Expansion In', None, 'Data Center Business', 'SECTOR'), ('Advanced Micro Devices', 'COMPANY', 'Reports Increase In', None, 'Total Revenue', 'FININSTRUMENTINFO')]"
[('AMD', 'COMPANY', 'Reports Increase In', 'GFMK', 'Revenue', 'ECON_INDICATOR'), ('Ryzen', 'PRODUCT', 'Drives Growth For', 'GFMK', 'AMD', 'COMPANY'), ('Radeon', 'PRODUCT', 'Contributes To', 'GFMK', 'Revenue', 'ECON_INDICATOR'), ('Enterprise', 'SECTOR', 'Expected Expansion In', 'SSI', 'Data Center Business', 'SECTOR'), ('Computing and Graphics', 'SECTOR', 'Projected Revenue Increase For', 'SSI', 'AMD', 'COMPANY'), ('Semi-custom Systems', 'PRODUCT', 'Revenue Contribution To', 'GFMK', 'Total Revenue', 'ECON_INDICATOR')]
2026-07-23T15:51:15Z - INFO - [MetricsComputator::compute_metrics] 'AMD' 'What Are The Factors Behind A 50% Growth In AMD's Revenue Over The Past 2 Years?' revised triplets updated.
2026-07-23T15:53:03Z - INFO - [MetricsComputator::compute_metrics] 'AMD' 'Impressive CES Showing to Launch Advanced Micro Devices Stock' requires reprompt
2026-07-23T15:54:03Z - INFO - [MetricsComputator::compute_metrics] revised triplets : 
self.triplets_df.iloc[row_idx]['output_triplets']="[('AMD', 'COMPANY', 'Gains Traction Against', None, 'Intel', 'COMPANY'), ('AMD', 'COMPANY', 'Beats To Market', None, '7nanometer chips', 'PRODUCT')]"
[('AMD', 'COMPANY', 'Surpass', 'SSI', 'Intel', 'COMPANY'), ('AMD', 'COMPANY', 'Introduces', 'GFMK', 'New_Laptop_Processors', 'PRODUCT'), ('AMD', 'COMPANY', 'Reports', 'SSI', 'Higher_End_Desktops', 'PRODUCT'), ('Intel', 'COMPANY', 'Compete_With', 'GMM', 'AMD', 'COMPANY')]
2026-07-23T15:54:03Z - INFO - [MetricsComputator::compute_metrics] 'AMD' 'Impressive CES Showing to Launch Advanced Micro Devices Stock' revised triplets updated.
2026-07-23T15:55:51Z - INFO - [MetricsComputator::compute_metrics] ON FXL, SWKS, ON, DXC: ETF Inflow Alert requires human review
self.triplets_df.iloc[row_idx]['output_triplets']="[('First Trust Technology AlphaDEX Fund', 'FININSTRUMENTINFO', 'Experiences Inflow Of', None, '4566 Million USD', 'CURRENCY'), ('Outstanding Units', 'FININSTRUMENTINFO', 'Increase By', None, '187 Percent', 'CONCEPT'), ('Skyworks Solutions Inc', 'COMPANY', 'Increases', None, 'Stock Price', 'FININSTRUMENTINFO'), ('ON Semiconductor Corp', 'COMPANY', 'Increases', None, 'Stock Price', 'FININSTRUMENTINFO'), ('DXC Technology Co', 'COMPANY', 'Increases', None, 'Stock Price', 'FININSTRUMENTINFO')]"

2026-07-23T15:57:35Z - INFO - [MetricsComputator::compute_metrics] 'MU' 'Micron Technology Sees Better Days Ahead for Key Markets' requires reprompt
2026-07-23T15:58:54Z - INFO - [MetricsComputator::compute_metrics] revised triplets : 
self.triplets_df.iloc[row_idx]['output_triplets']="[('Micron Technology', 'COMPANY', 'Experiences Gain In', None, 'Stock Price', 'FININSTRUMENTINFO'), ('Cowen', 'FINANCIALENTITY', 'Upgrades', None, 'Micron Technology', 'COMPANY'), ('5Gcapable smartphones', 'CONCEPT', 'Drives Demand For', None, 'Memory Chips', 'PRODUCT'), ('Memory Chips', 'PRODUCT', 'Includes', None, 'DRAM', 'PRODUCT'), ('Memory Chips', 'PRODUCT', 'Includes', None, 'NAND Storage', 'PRODUCT')]"
[('Cowen', 'FINANCIAL_ENTITY', 'Upgrades', 'GFMK', 'Micron Technology', 'COMPANY'), ('Micron Technology', 'COMPANY', 'Experiences Gain In', 'GMM', 'Stock Price', 'FIN_INSTRUMENT_INFO'), ('5Gcapable smartphones', 'CONCEPT', 'Drives Demand For', 'SSI', 'Memory Chips', 'PRODUCT'), ('Mobile Devices', 'CONCEPT', 'Requires More', 'SSI', 'Memory Chips', 'PRODUCT'), ('Automotive Industry', 'SECTOR', 'Experiences Growth In', 'SSI', 'Memory Chips', 'PRODUCT'), ('Micron Technology', 'COMPANY', 'Forecasts', 'GMM', 'Rising Memory Demand', 'CONCEPT'), ('Western Digital', 'COMPANY', 'Experiences Loss Of', 'GFMK', 'Market Share', 'CONCEPT'), ('Toshiba', 'COMPANY', 'Suffers Production Halt', 'GMM', 'Electric Power Outage', 'CONCEPT')]
2026-07-23T15:58:54Z - INFO - [MetricsComputator::compute_metrics] 'MU' 'Micron Technology Sees Better Days Ahead for Key Markets' revised triplets updated.
2026-07-23T16:00:15Z - INFO - [MetricsComputator::compute_metrics] 'QCOM' 'Noteworthy ETF Outflows: IWB, AMGN, LLY, QCOM' requires reprompt
2026-07-23T16:01:28Z - INFO - [MetricsComputator::compute_metrics] revised triplets : 
self.triplets_df.iloc[row_idx]['output_triplets']="[('IWB', 'FININSTRUMENTINFO', 'Includes', None, 'Amgen Inc', 'COMPANY'), ('Amgen Inc', 'COMPANY', 'Symbol Is', None, 'AMGN', 'STOCKTICKER'), ('IWB', 'FININSTRUMENTINFO', 'Includes', None, 'Lilly', 'Eli'), ('IWB', 'FININSTRUMENTINFO', 'Includes', None, 'Qualcomm Inc', 'COMPANY'), ('Qualcomm Inc', 'COMPANY', 'Symbol Is', None, 'QCOM', 'STOCKTICKER'), ('Amgen Inc', 'COMPANY', 'Increases In Price', None, 'Stock Price', 'FININSTRUMENTINFO'), ('Qualcomm Inc', 'COMPANY', 'Increases In Price', None, 'Stock Price', 'FININSTRUMENTINFO'), ('IWB', 'FININSTRUMENTINFO', 'Tracks', None, '200 Day Moving Average', 'FININSTRUMENTINFO'), ('IWB', 'FININSTRUMENTINFO', 'Has 52 Week Low', None, '14198 per share', 'MACROINDICATOR'), ('IWB', 'FININSTRUMENTINFO', 'Has 52 Week High', None, '18098 per share', 'MACROINDICATOR')]"
[('iShares Russell 1000 ETF', 'FIN_INSTRUMENT_INFO', 'Includes', 'GFMK', 'Amgen Inc', 'COMPANY'), ('Amgen Inc', 'COMPANY', 'Symbol Is', 'GFMK', 'AMGN', 'STOCK_TICKER'), ('iShares Russell 1000 ETF', 'FIN_INSTRUMENT_INFO', 'Includes', 'GFMK', 'Lilly (Eli) & Co', 'COMPANY'), ('Lilly (Eli) & Co', 'COMPANY', 'Symbol Is', 'GFMK', 'LLY', 'STOCK_TICKER'), ('iShares Russell 1000 ETF', 'FIN_INSTRUMENT_INFO', 'Includes', 'GFMK', 'Qualcomm Inc', 'COMPANY'), ('Qualcomm Inc', 'COMPANY', 'Symbol Is', 'GFMK', 'QCOM', 'STOCK_TICKER'), ('Amgen Inc', 'COMPANY', 'Increases In Price', 'GFMK', 'Stock Price', 'FIN_INSTRUMENT_INFO'), ('Lilly (Eli) & Co', 'COMPANY', 'Increases In Price', 'GFMK', 'Stock Price', 'FIN_INSTRUMENT_INFO'), ('Qualcomm Inc', 'COMPANY', 'Increases In Price', 'GFMK', 'Stock Price', 'FIN_INSTRUMENT_INFO'), ('iShares Russell 1000 ETF', 'FIN_INSTRUMENT_INFO', 'Tracks', 'GFMK', '200 Day Moving Average', 'FIN_INSTRUMENT_INFO'), ('iShares Russell 1000 ETF', 'FIN_INSTRUMENT_INFO', 'Has 52 Week Low', 'GFMK', '14198 per share', 'MACRO_INDICATOR'), ('iShares Russell 1000 ETF', 'FIN_INSTRUMENT_INFO', 'Has 52 Week High', 'GFMK', '18098 per share', 'MACRO_INDICATOR')]
2026-07-23T16:01:28Z - INFO - [MetricsComputator::compute_metrics] 'QCOM' 'Noteworthy ETF Outflows: IWB, AMGN, LLY, QCOM' revised triplets updated.
2026-07-23T16:03:11Z - INFO - [MetricsComputator::compute_metrics] 'INTC' 'Micron Stock Is Likely to Sink If Management’s Forecast Proves Too Rosy' requires reprompt
2026-07-23T16:04:17Z - INFO - [MetricsComputator::compute_metrics] revised triplets : 
self.triplets_df.iloc[row_idx]['output_triplets']="[('Memory Developers', 'CONCEPT', 'Increase', None, 'Capacity', 'PRODUCT'), ('Capacity Increase', 'CONCEPT', 'Raises', None, 'Supply', 'CONCEPT'), ('Supply Raise', 'CONCEPT', 'Undercuts', None, 'Prices', 'FININSTRUMENTINFO'), ('Price Undercutting', 'CONCEPT', 'Negative Impact On', None, 'Micron', 'COMPANY'), ('Memory Chip Demand', 'CONCEPT', 'Rise', None, 'Future', 'MACROINDICATOR'), ('Demand Rise', 'CONCEPT', 'Reverses', None, 'Cyclical Downturns', 'ECONINDICATOR'), ('Cyclical Downturn Reversal', 'CONCEPT', 'Enables', None, 'PE Multiple Expansion', 'FININSTRUMENTINFO'), ('PE Multiple Expansion', 'FININSTRUMENTINFO', 'Prompts', None, 'Analysts', 'FINANCIALENTITY'), ('Analysts', 'FINANCIALENTITY', 'Increase', None, 'Earnings Estimates', 'CONCEPT')]"
[('Micron', 'COMPANY', 'Rallies', 'GFMK', 'MU Stock', 'STOCK_TICKER'), ('Cowen Research Firm', 'FINANCIAL_ENTITY', 'Upgrades', 'GMM', 'MU Stock', 'STOCK_TICKER'), ('Sanjay Mehrotra', 'FINANCIALENTITY', 'Calls Bottom For', 'GFMK', 'Micron Financial Performance', 'CONCEPT'), ('Micron Q1 Results', 'EVENT', 'Declines', 'SSI', 'Revenue and EPS', 'ECON_INDICATOR'), ('Micron CEO', 'FINANCIALENTITY', 'Predicts Recovery In', 'GMM', 'Q3 Onwards', 'MACRO_INDICATOR'), ('Analysts', 'FINANCIALENTITY', 'Upgrade MU Stock', 'GMM', 'MU Stock Price Target', 'FIN_INSTRUMENT_INFO')]
2026-07-23T16:04:17Z - INFO - [MetricsComputator::compute_metrics] 'INTC' 'Micron Stock Is Likely to Sink If Management’s Forecast Proves Too Rosy' revised triplets updated.
2026-07-23T16:05:41Z - INFO - [MetricsComputator::compute_metrics] 'INTC' 'Qualcomm Stock Pops on Snapdragon Ride Announcement' requires reprompt
2026-07-23T16:06:30Z - INFO - [MetricsComputator::compute_metrics] revised triplets : 
self.triplets_df.iloc[row_idx]['output_triplets']="[('Qualcomm', 'COMPANY', 'Partners With', None, 'CES', 'EVENT'), ('Snapdragon Ride platform', 'PRODUCT', 'Supports', None, 'Advanced Driver Assistance Systems', 'CONCEPT'), ('Tesla', 'COMPANY', 'Competes With', None, 'Qualcomm', 'COMPANY'), ('Nvidia', 'COMPANY', 'Competes With', None, 'Qualcomm', 'COMPANY'), ('Intel Mobileye', 'PRODUCT', 'Competes With', None, 'Snapdragon Ride platform', 'PRODUCT'), ('Autonomous Car Technology Market', 'CONCEPT', 'Opportunity For', None, 'Qualcomm', 'COMPANY'), ('QCOM stock', 'STOCKTICKER', 'Positive Impact On', None, 'Market Presence', 'CONCEPT')]"
[('Qualcomm', 'COMPANY', 'Announces', 'GFMK', 'Snapdragon Ride platform', 'PRODUCT'), ('Qualcomm', 'COMPANY', 'Competes With', 'SSI', 'Nvidia', 'COMPANY'), ('Qualcomm', 'COMPANY', 'Opportunity For', 'GMM', 'Autonomous Car Technology Market', 'CONCEPT'), ('QCOM stock', 'STOCK_TICKER', 'Positive Impact On', 'GFMK', 'Snapdragon Ride platform', 'PRODUCT')]
2026-07-23T16:06:30Z - INFO - [MetricsComputator::compute_metrics] 'INTC' 'Qualcomm Stock Pops on Snapdragon Ride Announcement' revised triplets updated.
2026-07-23T16:07:47Z - INFO - [MetricsComputator::compute_metrics] 'MU' 'Why Micron Technology Stock Climbed 69% in 2019' requires reprompt
2026-07-23T16:08:42Z - INFO - [MetricsComputator::compute_metrics] revised triplets : 
self.triplets_df.iloc[row_idx]['output_triplets']="[('Micron Technology', 'COMPANY', 'Increases', None, 'Stock Price', 'FININSTRUMENTINFO'), ('Micron Technology', 'COMPANY', 'Acquires', None, 'IMFT joint venture from Intel', 'PRODUCT'), ('IMFT joint venture from Intel', 'PRODUCT', 'Positions', None, 'Micron Technology', 'COMPANY'), ('Micron Technology', 'COMPANY', 'Forecasts Upside Potential', None, '3D XPoint products in memory and storage applications', 'PRODUCT'), ('Stock Price', 'FININSTRUMENTINFO', 'Depends On', None, 'Company Performance', 'CONCEPT')]"
[('Micron Technology', 'COMPANY', 'Reports', 'GFMK', 'Revenue Decline', 'FIN_INSTRUMENT_INFO'), ('Micron Technology', 'COMPANY', 'Forecasts', 'GMM', 'Improving Market Conditions', 'CONCEPT'), ('Micron Technology', 'COMPANY', 'Acquires', 'SSI', 'FWDNXT', 'PRODUCT'), ('Micron Technology', 'COMPANY', 'Positions For', 'GFMK', '3D XPoint Products', 'PRODUCT'), ('Stock Price', 'FIN_INSTRUMENT_INFO', 'Reflects', 'GMM', 'Company Performance', 'CONCEPT'), ('DRAM and NAND', 'PRODUCT', 'Affects', 'SSI', 'Revenue', 'ECON_INDICATOR'), ('5G Smartphones', 'PRODUCT', 'Drives', 'SSI', 'Memory Demand', 'FIN_INSTRUMENT_INFO')]
2026-07-23T16:08:42Z - INFO - [MetricsComputator::compute_metrics] 'MU' 'Why Micron Technology Stock Climbed 69% in 2019' revised triplets updated.
2026-07-23T16:08:42Z - INFO - [MetricsComputator::save_partial] Saved partial progress to output/triplets_qwen2.5:14b_semi_cleaned_data_summary_JudgeLLM_metrics_computation.csv
2026-07-23T16:10:03Z - INFO - [MetricsComputator::compute_metrics] 'MRVL' 'Interesting MRVL Put And Call Options For February 28th' requires reprompt
2026-07-23T16:10:57Z - INFO - [MetricsComputator::compute_metrics] revised triplets : 
self.triplets_df.iloc[row_idx]['output_triplets']="[('Marvell Technology Group Ltd', 'COMPANY', 'Lists New Options', None, 'February 28th Expiration', 'CONCEPT'), ('Investors', 'CONCEPT', 'Consider', None, 'Covered Call Contract', 'FININSTRUMENTINFO'), ('2650 Strike', 'DERIVATIVE', 'Represents', None, '1 Premium To Current Trading Price', 'CONCEPT'), ('2650 Strike', 'DERIVATIVE', 'OutoftheMoney By That Percentage', None, 'Stock Price', 'FININSTRUMENTINFO')]"
[('Marvell Technology Group Ltd', 'COMPANY', 'Lists New Options For', 'GFMK', 'February Expiration Date', 'CONCEPT'), ('Investors', 'CONCEPT', 'Consider Sell To Open Put Contract On', 'GFMK', 'MRVL Stock', 'STOCK_TICKER'), ('25.50 Strike Price', 'DERIVATIVE', 'Represents Discount To Current Trading Price Of', 'GFMK', '3%', 'FININSTRUMENTINFO'), ('Investors', 'CONCEPT', 'Consider Sell Covered Call On', 'GFMK', 'MRVL Stock', 'STOCK_TICKER'), ('26.50 Strike Price', 'DERIVATIVE', 'Represents Premium To Current Trading Price Of', 'GFMK', '1%', 'FININSTRUMENTINFO')]
2026-07-23T16:10:57Z - INFO - [MetricsComputator::compute_metrics] 'MRVL' 'Interesting MRVL Put And Call Options For February 28th' revised triplets updated.
2026-07-23T16:12:47Z - INFO - [MetricsComputator::compute_metrics] 'QCOM' '5 Stable Dividend Stocks to Buy as Fixed Income Vanishes' requires reprompt
2026-07-23T16:14:41Z - INFO - [MetricsComputator::compute_metrics] revised triplets : 
self.triplets_df.iloc[row_idx]['output_triplets']="[('Qualcomm', 'COMPANY', 'Pays', None, 'Dividend', 'FININSTRUMENTINFO'), ('Dividend', 'FININSTRUMENTINFO', 'Has', None, 'Dividend Yield', 'FININSTRUMENTINFO'), ('Dividend Yield', 'FININSTRUMENTINFO', 'Equals', None, '275', 'CONCEPT'), ('Qualcomm', 'COMPANY', 'Consistently Increases', None, 'Dividend', 'FININSTRUMENTINFO')]"
[('AT&T', 'COMPANY', 'Pays', 'FIN_INSTRUMENT_INFO', 'Dividend', 'FIN_INSTRUMENT_INFO'), ('Dividend', 'FIN_INSTRUMENT_INFO', 'Has', 'FIN_INSTRUMENT_INFO', 'Dividend Yield', 'FIN_INSTRUMENT_INFO'), ('Dividend Yield', 'FIN_INSTRUMENT_INFO', 'Equals', 'GFMK', '5.37%', 'CONCEPT'), ('AT&T', 'COMPANY', 'Consistently Increases', 'FIN_INSTRUMENT_INFO', 'Dividend', 'FIN_INSTRUMENT_INFO'), ('American Electric Power', 'COMPANY', 'Pays', 'FIN_INSTRUMENT_INFO', 'Dividend', 'FIN_INSTRUMENT_INFO'), ('Dividend', 'FIN_INSTRUMENT_INFO', 'Has', 'FIN_INSTRUMENT_INFO', 'Dividend Yield', 'FIN_INSTRUMENT_INFO'), ('Dividend Yield', 'FIN_INSTRUMENT_INFO', 'Equals', 'GFMK', '2.98%', 'CONCEPT'), ('American Electric Power', 'COMPANY', 'Consistently Increases', 'FIN_INSTRUMENT_INFO', 'Dividend', 'FIN_INSTRUMENT_INFO'), ('Qualcomm', 'COMPANY', 'Pays', 'FIN_INSTRUMENT_INFO', 'Dividend', 'FIN_INSTRUMENT_INFO'), ('Dividend', 'FIN_INSTRUMENT_INFO', 'Has', 'FIN_INSTRUMENT_INFO', 'Dividend Yield', 'FIN_INSTRUMENT_INFO'), ('Dividend Yield', 'FIN_INSTRUMENT_INFO', 'Equals', 'GFMK', '2.75%', 'CONCEPT'), ('Qualcomm', 'COMPANY', 'Consistently Increases', 'FIN_INSTRUMENT_INFO', 'Dividend', 'FIN_INSTRUMENT_INFO'), ('CVS', 'COMPANY', 'Pays', 'FIN_INSTRUMENT_INFO', 'Dividend', 'FIN_INSTRUMENT_INFO'), ('Dividend', 'FIN_INSTRUMENT_INFO', 'Has', 'FIN_INSTRUMENT_INFO', 'Dividend Yield', 'FIN_INSTRUMENT_INFO'), ('Dividend Yield', 'FIN_INSTRUMENT_INFO', 'Equals', 'GFMK', '2.74%', 'CONCEPT'), ('CVS', 'COMPANY', 'Consistently Increases', 'FIN_INSTRUMENT_INFO', 'Dividend', 'FIN_INSTRUMENT_INFO'), ('Target', 'COMPANY', 'Pays', 'FIN_INSTRUMENT_INFO', 'Dividend', 'FIN_INSTRUMENT_INFO'), ('Dividend', 'FIN_INSTRUMENT_INFO', 'Has', 'FIN_INSTRUMENT_INFO', 'Dividend Yield', 'FIN_INSTRUMENT_INFO'), ('Dividend Yield', 'FIN_INSTRUMENT_INFO', 'Equals', 'GFMK', '2.12%', 'CONCEPT'), ('Target', 'COMPANY', 'Consistently Increases', 'FIN_INSTRUMENT_INFO', 'Dividend', 'FIN_INSTRUMENT_INFO')]
2026-07-23T16:14:41Z - INFO - [MetricsComputator::compute_metrics] 'QCOM' '5 Stable Dividend Stocks to Buy as Fixed Income Vanishes' revised triplets updated.
2026-07-23T16:16:07Z - INFO - [MetricsComputator::compute_metrics] 'AMD' 'AMD's RX 5600 XT Goes After NVIDIA Below $300' requires reprompt
2026-07-23T16:16:59Z - INFO - [MetricsComputator::compute_metrics] revised triplets : 
self.triplets_df.iloc[row_idx]['output_triplets']="[('RX 5600 XT', 'PRODUCT', 'Competes With', None, 'GTX 1660 Ti', 'PRODUCT'), ('NVIDIA', 'COMPANY', 'Launches', None, 'Ampere graphics cards', 'PRODUCT'), ('Ampere graphics cards', 'PRODUCT', 'Built On', None, '7nm Manufacturing Process', 'CONCEPT'), ('RX 5600 XT', 'PRODUCT', 'Claims To Outperform', None, 'GTX 1660 Ti', 'PRODUCT')]"
[('RX 5600 XT', 'PRODUCT', 'Competes With', 'GFMK', 'GTX 1660 Ti', 'PRODUCT'), ('AMD', 'COMPANY', 'Surpasses', 'GFMK', 'NVIDIA', 'COMPANY'), ('NVIDIA', 'COMPANY', 'Launches', 'SSI', 'Ampere graphics cards', 'PRODUCT'), ('Ampere graphics cards', 'PRODUCT', 'Built On', 'GMM', '7nm Manufacturing Process', 'CONCEPT'), ('RX 5600 XT', 'PRODUCT', 'Reports', 'GFMK', 'Performance Increase', 'ECON_INDICATOR')]
2026-07-23T16:16:59Z - INFO - [MetricsComputator::compute_metrics] 'AMD' 'AMD's RX 5600 XT Goes After NVIDIA Below $300' revised triplets updated.
2026-07-23T16:18:36Z - INFO - [MetricsComputator::compute_metrics] 'ADI' '3 Recession-Ready Stocks to Buy in January' requires reprompt
2026-07-23T16:19:43Z - INFO - [MetricsComputator::compute_metrics] revised triplets : 
self.triplets_df.iloc[row_idx]['output_triplets']="[('Analog Devices', 'COMPANY', 'Outperforms', None, 'Market', 'FININSTRUMENTINFO'), ('Analog Devices', 'COMPANY', 'Makes', None, 'Analog Chips', 'PRODUCT'), ('Analog Devices', 'COMPANY', 'Benefit From', None, '5G Technology', 'CONCEPT'), ('Shares', 'FININSTRUMENTINFO', 'Valued At', None, 'Analyst Target Earnings', 'ECONINDICATOR')]"
[('Walmart', 'COMPANY', 'Outperformed', 'GFMK', 'S&P 500 Index', 'FIN_INSTRUMENT_INFO'), ('Walmart', 'COMPANY', 'Offers', 'SSI', 'Budget-Focused Model', 'PRODUCT'), ('Analog Devices', 'COMPANY', 'Benefit From', 'SSI', '5G Technology', 'CONCEPT'), ('Brookfield Infrastructure Partners', 'COMPANY', 'Resilient To', 'GMM', 'Recession', 'MACRO_INDICATOR'), ('Brookfield Infrastructure Partners', 'COMPANY', 'Has Contracts For', 'SSI', 'Long-Term Contracts', 'PRODUCT'), ('Analog Devices', 'COMPANY', 'Makes', 'SSI', 'Analog Chips', 'PRODUCT')]
2026-07-23T16:19:43Z - INFO - [MetricsComputator::compute_metrics] 'ADI' '3 Recession-Ready Stocks to Buy in January' revised triplets updated.
2026-07-23T16:20:36Z - INFO - [MetricsComputator::compute_metrics] AMAT Notable Thursday Option Activity: ARNC, MAS, AMAT requires human review
self.triplets_df.iloc[row_idx]['output_triplets']="[('Traders', 'CONCEPT', 'Buy', None, '63 Strike Call Option', 'DERIVATIVE'), ('63 Strike Call Option', 'DERIVATIVE', 'Derives Value From', None, 'Applied Materials Inc', 'COMPANY')]"

2026-07-23T16:21:52Z - INFO - [MetricsComputator::compute_metrics] MU Why Micron Is One of the Best Stocks to Own in 2020 requires human review
self.triplets_df.iloc[row_idx]['output_triplets']="[('DRAM', 'PRODUCT', 'Required By', None, '5G Devices', 'CONCEPT'), ('NAND Memory', 'PRODUCT', 'Required By', None, '5G Devices', 'CONCEPT'), ('MU Stock', 'STOCKTICKER', 'Traded At', None, 'Price Point', 'FININSTRUMENTINFO'), ('Micron', 'COMPANY', 'Has Richer Product Stack Than', None, 'Competitor Company', 'COMPANY'), ('Micron', 'COMPANY', 'Delivering High FCF To', None, 'Investors', 'CONCEPT'), ('Memory Chip Industry', 'SECTOR', 'Shows Signs Of Improvement Post', None, 'Inventory Glut', 'CONCEPT'), ('MU Stock', 'STOCKTICKER', 'Could Test Price', None, 'Price Point', 'FININSTRUMENTINFO')]"

2026-07-23T16:23:08Z - INFO - [MetricsComputator::compute_metrics] 'AMD' '5 Top Stock Trades for Friday: GOOGL, TSLA, AMD' requires reprompt
2026-07-23T16:23:58Z - INFO - [MetricsComputator::compute_metrics] revised triplets : 
self.triplets_df.iloc[row_idx]['output_triplets']="[('Advanced Micro Devices', 'COMPANY', 'Is Similar To', None, 'Tesla', 'COMPANY')]"
[('Alphabet', 'COMPANY', 'Hits All-Time Highs', 'GFMK', None, None), ('Tesla', 'COMPANY', 'Extended Run', 'GMM', None, None), ('Advanced Micro Devices', 'COMPANY', 'Approaches Psychological Level', 'SSI', None, None), ('Snap', 'COMPANY', 'Finds Resistance', 'GMM', '$18.00', 'CURRENCY'), ('Zscaler', 'COMPANY', 'Breaks Out Over Resistance', 'GFMK', '$53.00', 'CURRENCY')]
2026-07-23T16:23:58Z - INFO - [MetricsComputator::compute_metrics] 'AMD' '5 Top Stock Trades for Friday: GOOGL, TSLA, AMD' revised triplets updated.
2026-07-23T16:25:14Z - INFO - [MetricsComputator::compute_metrics] 'MU' 'Why Micron Stock Is a Safe Bet' is good enough
2026-07-23T16:26:29Z - INFO - [MetricsComputator::compute_metrics] 'MU' 'Micron Technology Stock Now Has a Stronger Bull Case' requires reprompt
2026-07-23T16:27:22Z - INFO - [MetricsComputator::compute_metrics] revised triplets : 
self.triplets_df.iloc[row_idx]['output_triplets']="[('Micron Technology', 'COMPANY', 'Experiences Increase In', None, 'Stock Price', 'FININSTRUMENTINFO'), ('Memory Industry', 'CONCEPT', 'Turnaround Expected In', None, 'Industry Performance', 'CONCEPT'), ('December Operating Profit', 'ECONINDICATOR', 'Surpasses', None, 'Analyst Estimates', 'CONCEPT')]"
[('Micron Technology', 'COMPANY', 'Reports', 'SSI', 'Financial Performance Bottoming Out', 'CONCEPT'), ('Samsung', 'COMPANY', 'Forecasts', 'SSI', 'Memory Industry Recovery', 'CONCEPT'), ('DRAM Prices', 'PRODUCT', 'Expected To Rise', 'GMM', 'Q1 2020 Demand Surge', 'CONCEPT'), ('Micron Technology', 'COMPANY', 'Upgraded By', 'GFMK', 'Cowen Outperform Rating', 'FIN_INSTRUMENT_INFO'), ('Memory Industry', 'SECTOR', 'Turnaround Expected In', 'SSI', 'Supply Constraints And Price Recovery', 'CONCEPT'), ('Samsung Operating Profit', 'ECON_INDICATOR', 'Surpasses', 'GMM', 'Analyst Estimates', 'CONCEPT')]
2026-07-23T16:27:22Z - INFO - [MetricsComputator::compute_metrics] 'MU' 'Micron Technology Stock Now Has a Stronger Bull Case' revised triplets updated.
2026-07-23T16:28:27Z - INFO - [MetricsComputator::compute_metrics] INTC Why Advanced Micro Devices' Shares Gained 148% in 2019 requires human review
self.triplets_df.iloc[row_idx]['output_triplets']="[('Advanced Micro Devices', 'COMPANY', 'Maintains Lead Over', None, 'Intel', 'COMPANY'), ('Advanced Micro Devices', 'COMPANY', 'Expands Presence In', None, 'Data Center Computing Market', 'SECTOR'), ('Advanced Micro Devices', 'COMPANY', 'Expands Presence In', None, 'HighEnd Gaming Machines Market', 'SECTOR'), ('Advanced Micro Devices', 'COMPANY', 'Launches', None, '7nanometer PC Processor and Graphics Chips', 'PRODUCT'), ('Market', 'CONCEPT', 'Positive Response To', None, '7nanometer PC Processor and Graphics Chips', 'PRODUCT'), ('Advanced Micro Devices', 'COMPANY', 'Experience Price Increase', None, 'Stock Price', 'FININSTRUMENTINFO')]"

2026-07-23T16:28:27Z - INFO - [MetricsComputator::save_partial] Saved partial progress to output/triplets_qwen2.5:14b_semi_cleaned_data_summary_JudgeLLM_metrics_computation.csv
2026-07-23T16:29:27Z - INFO - [MetricsComputator::compute_metrics] 'TSM' 'TSMC December Consolidated Revenues Rise - Quick Facts' requires reprompt
2026-07-23T16:30:08Z - INFO - [MetricsComputator::compute_metrics] revised triplets : 
self.triplets_df.iloc[row_idx]['output_triplets']="[('Taiwan Semiconductor Manufacturing Co Ltd', 'COMPANY', 'Reports', None, 'Net Revenues', 'ECONINDICATOR'), ('Net Revenues', 'ECONINDICATOR', 'Increases Year Over Year By', None, '15 Percent', 'CONCEPT'), ('Net Revenues', 'ECONINDICATOR', 'Decreases Month Over Month By', None, '42 Percent', 'CONCEPT'), ('Net Revenues', 'ECONINDICATOR', 'Grows Year Over Year By', None, '37 Percent', 'CONCEPT')]"
[('Taiwan Semiconductor Manufacturing Co Ltd', 'COMPANY', 'Reports', 'GFMK', 'Net Revenues', 'ECON_INDICATOR'), ('Net Revenues', 'ECON_INDICATOR', 'Increases Year Over Year By', 'GFMK', '15 Percent', 'CONCEPT'), ('Net Revenues', 'ECON_INDICATOR', 'Decreases Month Over Month By', 'GFMK', '4.2 Percent', 'CONCEPT'), ('Net Revenues', 'ECON_INDICATOR', 'Grows Year Over Year By', 'GFMK', '3.7 Percent', 'CONCEPT')]
2026-07-23T16:30:08Z - INFO - [MetricsComputator::compute_metrics] 'TSM' 'TSMC December Consolidated Revenues Rise - Quick Facts' revised triplets updated.
2026-07-23T16:31:30Z - INFO - [MetricsComputator::compute_metrics] AMAT Why MKS Instruments Surged 70% in 2019 requires human review
self.triplets_df.iloc[row_idx]['output_triplets']="[('MKS Instruments', 'COMPANY', 'Experiences Increase In', None, 'Stock Price', 'FININSTRUMENTINFO'), ('MKS Instruments', 'COMPANY', 'Generates Revenue From', None, 'Semiconductor Market', 'SECTOR'), ('5G', 'CONCEPT', 'Drives Demand For', None, 'MKS Instruments', 'COMPANY'), ('AI', 'CONCEPT', 'Drives Demand For', None, 'MKS Instruments', 'COMPANY'), ('IoT', 'CONCEPT', 'Drives Demand For', None, 'MKS Instruments', 'COMPANY'), ('Automatic Driving', 'CONCEPT', 'Drives Demand For', None, 'MKS Instruments', 'COMPANY')]"

2026-07-23T16:33:04Z - INFO - [MetricsComputator::compute_metrics] 'INTC' 'AMD Could Gain on Intel Even More This Year, Thanks to Apple' is good enough
2026-07-23T16:34:22Z - INFO - [MetricsComputator::compute_metrics] AMD March 20th Options Now Available For Advanced Micro Devices (AMD) requires human review
self.triplets_df.iloc[row_idx]['output_triplets']="[('Advanced Micro Devices Inc', 'COMPANY', 'Trades', None, 'Stock Price', 'FININSTRUMENTINFO'), ('AMD', 'STOCKTICKER', 'Belongs To', None, 'Advanced Micro Devices Inc', 'COMPANY'), ('4900 Strike Call Option', 'DERIVATIVE', 'Derives Value From', None, 'Advanced Micro Devices Inc', 'COMPANY'), ('4900 Strike Call Option', 'DERIVATIVE', 'Out Of The Money By', None, '1', 'CONCEPT')]"

2026-07-23T16:35:23Z - INFO - [MetricsComputator::compute_metrics] 'AMD' 'Friday's ETF with Unusual Volume: PBP' is good enough
2026-07-23T16:36:56Z - INFO - [MetricsComputator::compute_metrics] 'AMD' 'Could NVIDIA Be a Millionaire Maker Stock?' requires reprompt
2026-07-23T16:37:51Z - INFO - [MetricsComputator::compute_metrics] revised triplets : 
self.triplets_df.iloc[row_idx]['output_triplets']="[('NVIDIA', 'COMPANY', 'Competes With', None, 'Advanced Micro Devices', 'COMPANY'), ('Advanced Micro Devices', 'COMPANY', 'Has', None, 'Forward PE Ratio', 'FININSTRUMENTINFO'), ('NVIDIA', 'COMPANY', 'Aggregates', None, 'Computing Power', 'CONCEPT'), ('HPC Market', 'SECTOR', 'Poised For', None, 'Dramatic Growth', 'CONCEPT'), ('NVIDIA', 'COMPANY', 'Meets Demand Of', None, 'HPC Market', 'SECTOR')]"
[('NVIDIA', 'COMPANY', 'Reports', 'GFMK', 'Revenue Growth', 'ECON_INDICATOR'), ('NVIDIA', 'COMPANY', 'Invests In', 'SSI', 'High Performance Computing (HPC)', 'SECTOR'), ('Mellanox', 'COMPANY', 'Acquired By', 'GMM', 'NVIDIA', 'COMPANY'), ('NVIDIA', 'COMPANY', 'Poised For', 'SSI', 'Market Growth', 'MACRO_INDICATOR'), ('NVIDIA', 'COMPANY', 'Dominates In', 'SSI', 'GPU Market', 'SECTOR')]
2026-07-23T16:37:51Z - INFO - [MetricsComputator::compute_metrics] 'AMD' 'Could NVIDIA Be a Millionaire Maker Stock?' revised triplets updated.
2026-07-23T16:39:24Z - INFO - [MetricsComputator::compute_metrics] INTC Will Ambarella's New Robotics Platform Widen Its Moat Against Intel? requires human review
self.triplets_df.iloc[row_idx]['output_triplets']="[('Ambarella', 'COMPANY', 'Expands Beyond', None, 'Image Processing SoCs', 'PRODUCT'), ('Ambarella', 'COMPANY', 'Competes With', None, 'Intel', 'COMPANY'), ('Intel', 'COMPANY', 'Main Rival Of', None, 'Ambarella', 'COMPANY'), ('Ambarella', 'COMPANY', 'Launches', None, 'Unified Software Infrastructure', 'PRODUCT'), ('Unified Software Infrastructure', 'PRODUCT', 'Targets', None, 'Automated Guided Vehicles', 'CONCEPT'), ('Unified Software Infrastructure', 'PRODUCT', 'Targets', None, 'Industrial Robots', 'CONCEPT'), ('Unified Software Infrastructure', 'PRODUCT', 'Targets', None, 'Smart Factory Applications', 'CONCEPT'), ('Unified Software Infrastructure', 'PRODUCT', 'Prioritizes For', None, 'Security Cameras', 'PRODUCT'), ('Hikvision', 'COMPANY', 'Added To', None, 'Trump Administrations Trade Blacklist', 'CONCEPT'), ('Dahua', 'COMPANY', 'Added To', None, 'Trump Administrations Trade Blacklist', 'CONCEPT')]"

2026-07-23T16:40:43Z - INFO - [MetricsComputator::compute_metrics] 'TSM' 'Why Shares of ASML Holding Rocketed 92.3% Higher in 2019' requires reprompt
2026-07-23T16:41:35Z - INFO - [MetricsComputator::compute_metrics] revised triplets : 
self.triplets_df.iloc[row_idx]['output_triplets']="[('Taiwan Semiconductor Manufacturing', 'COMPANY', 'Increases', None, 'Capital Expenditures', 'FININSTRUMENTINFO'), ('Interest Rates', 'MACROINDICATOR', 'Negative Impact On', None, 'Chip Sector', 'SECTOR'), ('Federal Reserve', 'FINANCIALENTITY', 'Decreases', None, 'Interest Rates', 'MACROINDICATOR')]"
[('ASML Holding', 'COMPANY', 'Increases', 'GFMK', 'Stock Price', 'FIN_INSTRUMENT_INFO'), ('Interest Rates', 'MACRO_INDICATOR', 'Decreases', 'GMM', 'Chip Sector', 'SECTOR'), ('Taiwan Semiconductor Manufacturing', 'COMPANY', 'Invests In', 'SSI', 'EUV Technology', 'PRODUCT'), ('ASML Holding', 'COMPANY', 'Provides', 'GFMK', 'Extreme Ultraviolet Deposition Machines', 'PRODUCT'), ('5G Handsets', 'PRODUCT', 'Drives Demand For', 'GMM', 'Leading Edge Chips', 'PRODUCT'), ('Memory Companies', 'SECTOR', 'Explores Use Of', 'GFMK', 'EUV Technology', 'PRODUCT')]
2026-07-23T16:41:35Z - INFO - [MetricsComputator::compute_metrics] 'TSM' 'Why Shares of ASML Holding Rocketed 92.3% Higher in 2019' revised triplets updated.
2026-07-23T16:42:47Z - INFO - [MetricsComputator::compute_metrics] AMAT Why Applied Materials Stock Jumped 86.4% in 2019 requires human review
self.triplets_df.iloc[row_idx]['output_triplets']="[('Applied Materials', 'COMPANY', 'Experiences Increase In', None, 'Stock Price', 'FININSTRUMENTINFO'), ('Semiconductor Industry', 'SECTOR', 'Shows Signs Of', None, 'Rebound In Spending', 'CONCEPT'), ('Applied Materials', 'COMPANY', 'Benefits From', None, 'Renewed Demand For Products', 'CONCEPT'), ('Applied Materials', 'COMPANY', 'Invests In', None, 'Unique Solutions', 'PRODUCT'), ('Unique Solutions', 'PRODUCT', 'Aids', None, 'Customers Success In AIBig Data Era', 'CONCEPT')]"

2026-07-23T16:44:33Z - INFO - [MetricsComputator::compute_metrics] TXN The 3 Bets Every AMD Investor Is Really Making Now requires human review
self.triplets_df.iloc[row_idx]['output_triplets']="[('Instinet', 'FINANCIALENTITY', 'Reiterates Buy Rating On', None, 'Advanced Micro Devices', 'COMPANY'), ('Instinet', 'FINANCIALENTITY', 'Increases', None, 'Price Target', 'FININSTRUMENTINFO'), ('Advanced Micro Devices', 'COMPANY', 'Competes With', None, 'NVIDIA', 'COMPANY'), ('Advanced Micro Devices', 'COMPANY', 'Competes With', None, 'Intel', 'COMPANY'), ('Advanced Micro Devices', 'COMPANY', 'Anticipated To Capture More Than Its Fair Share', None, 'Market Expansion', 'CONCEPT')]"

2026-07-23T16:44:33Z - INFO - [MetricsComputator::save_partial] Saved partial progress to output/triplets_qwen2.5:14b_semi_cleaned_data_summary_JudgeLLM_metrics_computation.csv
2026-07-23T16:45:59Z - INFO - [MetricsComputator::compute_metrics] TXN These 4 Tech Stocks Should Raise Their Dividends requires human review
self.triplets_df.iloc[row_idx]['output_triplets']="[('Texas Instruments', 'COMPANY', 'Returns', None, 'Free Cash Flow', 'ECONINDICATOR'), ('Free Cash Flow', 'ECONINDICATOR', 'Deployed As', None, 'Stock Buybacks', 'FININSTRUMENTINFO'), ('Free Cash Flow', 'ECONINDICATOR', 'Deployed As', None, 'Dividends', 'FININSTRUMENTINFO'), ('Tencent', 'COMPANY', 'Invests In', None, 'Gaming Ecosystem', 'PRODUCT'), ('Tencent', 'COMPANY', 'Invests In', None, 'Social Networking Ecosystem', 'PRODUCT'), ('Tencent', 'COMPANY', 'Invests In', None, 'Fintech Ecosystem', 'PRODUCT')]"

2026-07-23T16:47:23Z - INFO - [MetricsComputator::compute_metrics] QCOM Why Qualcomm's Stock Rose 55% in 2019 requires human review
self.triplets_df.iloc[row_idx]['output_triplets']="[('Qualcomm', 'COMPANY', 'Settles', None, 'Intellectual Property Dispute', 'CONCEPT'), ('Qualcomm', 'COMPANY', 'Receives', None, 'OneTime Payment', 'FININSTRUMENTINFO'), ('Apple', 'COMPANY', 'Pays', None, '5 Billion Dollars', 'CURRENCY'), ('Qualcomm', 'COMPANY', 'Enters', None, 'SixYear CrossLicensing Agreement', 'CONCEPT'), ('Qualcomm', 'COMPANY', 'Strangles Competition', None, 'CDMA Market', 'SECTOR'), ('Qualcomm', 'COMPANY', 'Strangles Competition', None, 'Premium LTE Modem Chip Market', 'SECTOR'), ('Qualcomm', 'COMPANY', 'Harms', None, 'Rivals', 'CONCEPT'), ('Qualcomm', 'COMPANY', 'Harms', None, 'OEMs', 'CONCEPT'), ('Qualcomm', 'COMPANY', 'Harms', None, 'End Consumers', 'CONCEPT')]"

2026-07-23T16:48:57Z - INFO - [MetricsComputator::compute_metrics] 'INTC' 'Nvidia Stock Rides a Consumer Electronics Show Wave' is good enough
2026-07-23T16:50:11Z - INFO - [MetricsComputator::compute_metrics] 'AMD' 'Advanced Micro Devices Stock Charts Say Pause on Bull Plays' requires reprompt
2026-07-23T16:51:02Z - INFO - [MetricsComputator::compute_metrics] revised triplets : 
self.triplets_df.iloc[row_idx]['output_triplets']="[('AMD', 'COMPANY', 'Experiences Price Increase', None, 'Stock Price', 'FININSTRUMENTINFO')]"
[('AMD', 'COMPANY', 'Experiences Price Increase', 'GFMK', 'Stock Price', 'FIN_INSTRUMENT_INFO'), ('Advanced Micro Devices Stock Charts', 'PRODUCT', 'Show Momentum Trends', 'SSI', 'Technical Indicators', 'FININSTRUMENTINFO'), ('AMD stock price', 'FIN_INSTRUMENT_INFO', 'Surpass Previous Highs', 'GMM', 'Record Levels', 'MACRO_INDICATOR')]
2026-07-23T16:51:02Z - INFO - [MetricsComputator::compute_metrics] 'AMD' 'Advanced Micro Devices Stock Charts Say Pause on Bull Plays' revised triplets updated.
2026-07-23T16:52:23Z - INFO - [MetricsComputator::compute_metrics] QCOM Why Qorvo Stock Jumped 91.4% in 2019 requires human review
self.triplets_df.iloc[row_idx]['output_triplets']="[('Semiconductor Sector', 'SECTOR', 'Tracks', None, 'Broader Market', 'FININSTRUMENTINFO'), ('Management', 'CONCEPT', 'Comments On', None, 'RadioFrequency Chips', 'PRODUCT'), ('RadioFrequency Chips', 'PRODUCT', 'Positive Impact On', None, 'Stock Price', 'FININSTRUMENTINFO'), ('US', 'FINANCIALENTITY', 'Reaches Agreement With', None, 'China', 'FINANCIALENTITY'), ('Trade Deal', 'CONCEPT', 'Prevents', None, 'New Tariffs On Consumer Electronics', 'CONCEPT'), ('Qorvo', 'COMPANY', 'Guides For', None, 'Gross Margin', 'ECONINDICATOR'), ('Qorvo', 'COMPANY', 'Guides For', None, 'NonGAAP Earnings Per Share', 'ECONINDICATOR'), ('Board Authorization', 'CONCEPT', 'Approves', None, 'Share Repurchase Program', 'FININSTRUMENTINFO')]"

2026-07-23T16:53:42Z - INFO - [MetricsComputator::compute_metrics] INTC Advanced Micro Devices is Still One of the Smartest Bets for 2020 requires human review
self.triplets_df.iloc[row_idx]['output_triplets']="[('Mizuho', 'FINANCIALENTITY', 'Boosts', None, 'Price Target', 'FININSTRUMENTINFO'), ('AMD', 'COMPANY', 'Announces', None, 'Third Generation Mobile Processors', 'PRODUCT'), ('Third Generation Mobile Processors', 'PRODUCT', 'Positive Impact On', None, 'Stock Price', 'FININSTRUMENTINFO')]"

2026-07-23T16:55:06Z - INFO - [MetricsComputator::compute_metrics] AMD Why Taiwan Semiconductor Manufacturing's Stock Gained 57% in 2019 requires human review
self.triplets_df.iloc[row_idx]['output_triplets']="[('Taiwan Semi', 'COMPANY', 'Manufactures For', None, 'Advanced Micro Devices', 'COMPANY'), ('Taiwan Semi', 'COMPANY', 'Manufactures For', None, 'Qualcomm', 'COMPANY'), ('Susquehanna', 'FINANCIALENTITY', 'Cites', None, 'Taiwan Semi', 'COMPANY'), ('Taiwan Semi', 'COMPANY', 'Supports', None, 'AMD Story', 'CONCEPT'), ('Taiwan Semi', 'COMPANY', 'Invests In', None, 'Manufacturing Systems Upgrades', 'PRODUCT'), ('7nanometer Process', 'PRODUCT', 'Uses By', None, 'Advanced Micro Devices', 'COMPANY'), ('5nanometer Process', 'PRODUCT', 'Next Generation Of', None, '7nanometer Process', 'PRODUCT')]"

2026-07-23T16:56:43Z - INFO - [MetricsComputator::compute_metrics] AMD Who Won: Intel and AMD Face Off at CES 2020 requires human review
self.triplets_df.iloc[row_idx]['output_triplets']="[('AMD', 'COMPANY', 'Competes With', None, 'Intel', 'COMPANY'), ('AMD', 'COMPANY', 'Competes With', None, 'Nvidia', 'COMPANY'), ('CES 2020', 'EVENT', 'Includes', None, 'Intel', 'NASDAQ'), ('CES 2020', 'EVENT', 'Includes', None, 'AMD', 'NASDAQ')]"

2026-07-23T16:58:06Z - INFO - [MetricsComputator::compute_metrics] INTC Consumer wallets is top risk to chip titan TSMC requires human review
self.triplets_df.iloc[row_idx]['output_triplets']="[('TSMC', 'COMPANY', 'Supplies To', None, 'Apple', 'COMPANY'), ('TSMC', 'COMPANY', 'Supplies To', None, 'Huawei', 'COMPANY'), ('TSMC', 'COMPANY', 'Leads In', None, 'Semiconductors', 'PRODUCT'), ('TSMC', 'COMPANY', 'Has Edge Over', None, 'Samsung Electronics', 'COMPANY'), ('TSMC', 'COMPANY', 'Has Edge Over', None, 'Intel', 'COMPANY'), ('Consumers', 'CONCEPT', 'Wary Of', None, 'Pricing Power', 'CONCEPT'), ('TSMC', 'COMPANY', 'Risks', None, 'Consumer Aversion To High Prices', 'CONCEPT')]"

2026-07-23T16:59:25Z - INFO - [MetricsComputator::compute_metrics] 'QCOM' 'How to Trade Qualcomm Stock as It Eyes $100' requires reprompt
2026-07-23T17:00:13Z - INFO - [MetricsComputator::compute_metrics] revised triplets : 
self.triplets_df.iloc[row_idx]['output_triplets']="[('QCOM', 'STOCKTICKER', 'Reaches Higher Pivot Highs And Lows', None, 'Market Trend', 'CONCEPT'), ('QCOM', 'STOCKTICKER', 'Increases Following', None, 'Earnings Report', 'EVENT'), ('QCOM', 'STOCKTICKER', 'Closes At', None, '9411', 'FININSTRUMENTINFO'), ('Tech Sector', 'SECTOR', 'Outperforms', None, 'Other Sectors', 'CONCEPT')]"
[('QCOM', 'STOCK_TICKER', 'Increases Following', 'GFMK', 'Earnings Report', 'EVENT'), ('QCOM', 'STOCK_TICKER', 'Closes At', 'FIN_INSTRUMENT_INFO', '9411', ''), ('Qualcomm', 'COMPANY', 'Reports', 'GFMK', 'Positive Earnings Growth', 'CONCEPT'), ('Tech Sector', 'SECTOR', 'Outperforms', 'SSI', 'Other Sectors', '')]
2026-07-23T17:00:13Z - INFO - [MetricsComputator::compute_metrics] 'QCOM' 'How to Trade Qualcomm Stock as It Eyes $100' revised triplets updated.
2026-07-23T17:00:13Z - INFO - [MetricsComputator::save_partial] Saved partial progress to output/triplets_qwen2.5:14b_semi_cleaned_data_summary_JudgeLLM_metrics_computation.csv
2026-07-23T17:01:41Z - INFO - [MetricsComputator::compute_metrics] 'QCOM' 'It Might Be Time for Older Investors to Take Profits in Qualcomm Stock' requires reprompt
2026-07-23T17:02:41Z - INFO - [MetricsComputator::compute_metrics] revised triplets : 
self.triplets_df.iloc[row_idx]['output_triplets']="[('Legal Environment', 'CONCEPT', 'Improves', None, 'Company', 'COMPANY'), ('Company', 'COMPANY', 'Increases', None, 'Multiples', 'FININSTRUMENTINFO'), ('Qualcomm', 'COMPANY', 'Attempts To Win', None, 'Control Over 5G World', 'CONCEPT'), ('Qualcomm', 'COMPANY', 'Uses', None, 'Contracts', 'PRODUCT'), ('Contracts', 'PRODUCT', 'Tie', None, 'Patents', 'CONCEPT'), ('Contracts', 'PRODUCT', 'To', None, 'Chip Sales', 'PRODUCT')]"
[('Qualcomm', 'COMPANY', 'Increases', 'GFMK', 'Stock Price', 'FIN_INSTRUMENT_INFO'), ('Qualcomm', 'COMPANY', 'Fights For', 'SSI', 'Control Over 5G World', 'CONCEPT'), ('Qualcomm', 'COMPANY', 'Develops', 'SSI', 'Self-driving Car Platform', 'PRODUCT'), ('Qualcomm', 'COMPANY', 'Ties To', 'SSI', 'Patents', 'CONCEPT'), ('Qualcomm', 'COMPANY', 'Collaborates With', 'GMM', 'Major Auto Manufacturers', 'SECTOR'), ('Apple', 'COMPANY', 'Reduces Dependence On', 'GFMK', 'Qualcomm', 'COMPANY')]
2026-07-23T17:02:41Z - INFO - [MetricsComputator::compute_metrics] 'QCOM' 'It Might Be Time for Older Investors to Take Profits in Qualcomm Stock' revised triplets updated.
2026-07-23T17:04:25Z - INFO - [MetricsComputator::compute_metrics] 'INTC' 'Advanced Micro Devices Is the Undisputed Champ' requires reprompt
2026-07-23T17:05:27Z - INFO - [MetricsComputator::compute_metrics] revised triplets : 
self.triplets_df.iloc[row_idx]['output_triplets']="[('NVDA', 'COMPANY', 'Increases In Value', None, 'Stock Price', 'FININSTRUMENTINFO'), ('INTC', 'COMPANY', 'Increases In Value', None, 'Stock Price', 'FININSTRUMENTINFO'), ('AMD', 'COMPANY', 'Increases In Value', None, 'Stock Price', 'FININSTRUMENTINFO'), ('Equity Markets', 'CONCEPT', 'Maintains High Levels', None, 'AllTime Highs', 'CONCEPT'), ('Trump Administration', 'FINANCIALENTITY', 'Signing', None, 'Phase One Deal', 'CONCEPT'), ('Phase One Deal', 'CONCEPT', 'Involves', None, 'China', 'COMPANY')]"
[('AMD', 'COMPANY', 'Increases In Value', 'GFMK', 'Stock Price', 'FIN_INSTRUMENT_INFO'), ('Nvidia', 'COMPANY', 'Competes Against', 'SSI', 'AMD', 'COMPANY'), ('Intel', 'COMPANY', 'Competes Against', 'SSI', 'AMD', 'COMPANY'), ('Equity Markets', 'CONCEPT', 'Maintains High Levels', 'GMM', 'All Time Highs', 'MACRO_INDICATOR'), ('Trump Administration', 'FINANCIALENTITY', 'Negotiates With', 'GFMK', 'China', 'COUNTRY'), ('Phase One Deal', 'EVENT', 'Signed By', 'GMM', 'US China Trade Relations', 'CONCEPT')]
2026-07-23T17:05:27Z - INFO - [MetricsComputator::compute_metrics] 'INTC' 'Advanced Micro Devices Is the Undisputed Champ' revised triplets updated.
2026-07-23T17:06:35Z - INFO - [MetricsComputator::compute_metrics] 'AMD' 'Noteworthy ETF Outflows: PTF, RNG, PAYC, AMD' requires reprompt
2026-07-23T17:07:21Z - INFO - [MetricsComputator::compute_metrics] revised triplets : 
self.triplets_df.iloc[row_idx]['output_triplets']="[('RingCentral Inc', 'COMPANY', 'Increases', None, 'Stock Price', 'FININSTRUMENTINFO'), ('Paycom Software Inc', 'COMPANY', 'Decreases', None, 'Stock Price', 'FININSTRUMENTINFO'), ('Advanced Micro Devices Inc', 'COMPANY', 'Decreases', None, 'Stock Price', 'FININSTRUMENTINFO')]"
[('PTF', 'FINANCIAL_ENTITY', 'Decreases', 'GFMK', 'Shares Outstanding', 'FIN_INSTRUMENT_INFO'), ('RingCentral Inc', 'COMPANY', 'Increases', 'GMM', 'Stock Price', 'FIN_INSTRUMENT_INFO'), ('Paycom Software Inc', 'COMPANY', 'Decreases', 'GMM', 'Stock Price', 'FIN_INSTRUMENT_INFO'), ('Advanced Micro Devices Inc', 'COMPANY', 'Decreases', 'GMM', 'Stock Price', 'FIN_INSTRUMENT_INFO')]
2026-07-23T17:07:21Z - INFO - [MetricsComputator::compute_metrics] 'AMD' 'Noteworthy ETF Outflows: PTF, RNG, PAYC, AMD' revised triplets updated.
2026-07-23T17:09:13Z - INFO - [MetricsComputator::compute_metrics] 'AMD' '7 Semiconductor Stocks to Buy for Your Inner Geek' requires reprompt
2026-07-23T17:10:41Z - INFO - [MetricsComputator::compute_metrics] revised triplets : 
self.triplets_df.iloc[row_idx]['output_triplets']="[('AI', 'CONCEPT', 'Drives', None, 'Market Transformation', 'CONCEPT'), ('Cloud Computing', 'PRODUCT', 'Contributes To', None, 'Market Transformation', 'CONCEPT'), ('IoT', 'PRODUCT', 'Contributes To', None, 'Market Transformation', 'CONCEPT'), ('Advanced Micro Devices', 'COMPANY', 'Competes With', None, 'AMD', 'COMPANY'), ('Advanced Micro Devices', 'COMPANY', 'Experiences Comeback', None, 'Stock Price', 'FININSTRUMENTINFO')]"
[('Advanced Micro Devices', 'COMPANY', 'Competes With', 'SSI', 'Intel', 'COMPANY'), ('Advanced Micro Devices', 'COMPANY', 'Gains Market Share', 'SSI', 'Nvidia', 'COMPANY'), ('Enphase Energy', 'PRODUCT', 'Drives Growth In', 'SSI', 'Solar Photovoltaic Industry', 'SECTOR'), ('Inphi Corp', 'COMPANY', 'Benefits From', 'SSI', 'Trade War Resolution', 'CONCEPT'), ('Lattice Semiconductor', 'COMPANY', 'Focuses On', 'SSI', 'FPGAs', 'PRODUCT'), ('Xilinx', 'COMPANY', 'Suffers From', 'SSI', 'Huawei Trade Restrictions', 'EVENT'), ('Cirrus Logic', 'COMPANY', 'Depends On', 'SSI', 'Apple Inc.', 'COMPANY'), ('Mellanox Technologies', 'COMPANY', 'Acquired By', 'GMM', 'Nvidia', 'COMPANY')]
2026-07-23T17:10:41Z - INFO - [MetricsComputator::compute_metrics] 'AMD' '7 Semiconductor Stocks to Buy for Your Inner Geek' revised triplets updated.
2026-07-23T17:12:05Z - INFO - [MetricsComputator::compute_metrics] 'AMD' '5 Top Stock Trades for Wednesday: DAL, WFC, AMD' requires reprompt
2026-07-23T17:13:04Z - INFO - [MetricsComputator::compute_metrics] revised triplets : 
self.triplets_df.iloc[row_idx]['output_triplets']="[('Advanced Micro Devices', 'COMPANY', 'Has Price Resistance', None, 'Stock Price', 'FININSTRUMENTINFO'), ('Advanced Micro Devices', 'COMPANY', 'Potential Breakout Over', None, 'Price Level', 'CONCEPT')]"
[('Delta Air Lines', 'COMPANY', 'Reports', 'GFMK', 'Earnings Results', 'FIN_INSTRUMENT_INFO'), ('Delta Air Lines', 'COMPANY', 'Bullish Trend', 'GMM', 'Stock Price', 'FININSTRUMENTINFO'), ('Wells Fargo', 'COMPANY', 'Lacks Momentum', 'GFMK', 'Stock Performance', 'FIN_INSTRUMENT_INFO'), ('Advanced Micro Devices', 'COMPANY', 'Has Resistance', 'GFMK', 'Price Level', 'FININSTRUMENTINFO'), ('Citigroup', 'COMPANY', 'Bullish Trend', 'GMM', 'Stock Price', 'FININSTRUMENTINFO'), ('Shake Shack', 'COMPANY', 'Positive Trend', 'GMM', 'Stock Performance', 'FIN_INSTRUMENT_INFO')]
2026-07-23T17:13:04Z - INFO - [MetricsComputator::compute_metrics] 'AMD' '5 Top Stock Trades for Wednesday: DAL, WFC, AMD' revised triplets updated.
2026-07-23T17:14:36Z - INFO - [MetricsComputator::compute_metrics] AMD 3 Gaming Stocks to Own Ahead of New Consoles requires human review
self.triplets_df.iloc[row_idx]['output_triplets']="[('AMD', 'COMPANY', 'Competes With', None, 'NVIDIA', 'COMPANY'), ('AMD', 'COMPANY', 'Works With', None, 'Sony', 'COMPANY'), ('AMD', 'COMPANY', 'Works With', None, 'Microsoft', 'COMPANY'), ('APUs', 'PRODUCT', 'Derives Revenue From', None, 'Gaming Consoles', 'PRODUCT'), ('Sony', 'COMPANY', 'Releases', None, 'NextGeneration Gaming Console', 'PRODUCT'), ('Microsoft', 'COMPANY', 'Releases', None, 'NextGeneration Gaming Console', 'PRODUCT')]"

2026-07-23T17:16:11Z - INFO - [MetricsComputator::compute_metrics] 'QCOM' 'Sony Teases a Big Expansion Into Electric Vehicles With a Concept Car' requires reprompt
2026-07-23T17:17:11Z - INFO - [MetricsComputator::compute_metrics] revised triplets : 
self.triplets_df.iloc[row_idx]['output_triplets']="[('NVIDIA', 'COMPANY', 'Offers', None, 'DRIVE AutoPilot', 'PRODUCT'), ('Qualcomm', 'COMPANY', 'Offers', None, 'Snapdragon Ride', 'PRODUCT'), ('Sony', 'COMPANY', 'Supplies', None, 'Image Sensors', 'PRODUCT'), ('Smartphone Makers', 'CONCEPT', 'Buys', None, 'Image Sensors', 'PRODUCT'), ('Connected Cars', 'CONCEPT', 'Demand Increases For', None, 'Cameras', 'PRODUCT'), ('Driverless Cars', 'CONCEPT', 'Demand Increases For', None, 'Cameras', 'PRODUCT')]"
[('Sony', 'COMPANY', 'Supplies', 'SSI', 'Image Sensors', 'PRODUCT'), ('Sony', 'COMPANY', 'Develops', 'SSI', 'Vision-S', 'PRODUCT'), ('NVIDIA', 'COMPANY', 'Collaborates With', 'SSI', 'Sony', 'COMPANY'), ('Qualcomm', 'COMPANY', 'Collaborates With', 'SSI', 'Sony', 'COMPANY'), ('Samsung', 'COMPANY', 'Integrates', 'SSI', 'HARMAN', 'PRODUCT'), ('Sony', 'COMPANY', 'Innovates For', 'SSI', 'Connected Cars', 'CONCEPT'), ('Sony', 'COMPANY', 'Explores', 'SSI', 'Driverless Cars', 'CONCEPT')]
2026-07-23T17:17:11Z - INFO - [MetricsComputator::compute_metrics] 'QCOM' 'Sony Teases a Big Expansion Into Electric Vehicles With a Concept Car' revised triplets updated.
2026-07-23T17:18:51Z - INFO - [MetricsComputator::compute_metrics] QCOM Will Qualcomm Overtake NVIDIA in Driverless Cars? requires human review
self.triplets_df.iloc[row_idx]['output_triplets']="[('Qualcomm', 'COMPANY', 'Generates Revenue From', None, 'Smartphone Market', 'SECTOR'), ('Qualcomm', 'COMPANY', 'Pivots', None, 'ARMbased Chipset', 'PRODUCT'), ('Qualcomm', 'COMPANY', 'Partners With', None, 'Audi', 'COMPANY'), ('Qualcomm', 'COMPANY', 'Partners With', None, 'Lamborghini', 'COMPANY'), ('Qualcomm', 'COMPANY', 'Partners With', None, 'Tesla Motors', 'COMPANY'), ('Tegrapowered Infotainment and Navigation Systems', 'PRODUCT', 'Installed In', None, 'Vehicles', 'CONCEPT')]"

2026-07-23T17:20:18Z - INFO - [MetricsComputator::compute_metrics] AMD Is Advanced Micro Devices Getting Enough Out of Its R&D? requires human review
self.triplets_df.iloc[row_idx]['output_triplets']="[('AMD', 'COMPANY', 'Is Cheaper Than', None, 'Nvidia', 'COMPANY'), ('AMD', 'COMPANY', 'Is More Expensive Than', None, 'Intel', 'COMPANY'), ('Su', 'CONCEPT', 'Focuses On', None, 'FiveYear Roadmap', 'CONCEPT'), ('Su', 'CONCEPT', 'Spends Little Time Concerned About', None, 'Competition', 'CONCEPT')]"

2026-07-23T17:21:32Z - INFO - [MetricsComputator::compute_metrics] TSM Notable ETF Inflow Detected - SMH, TSM, INTC, MU requires human review
self.triplets_df.iloc[row_idx]['output_triplets']="[('TSM', 'STOCKTICKER', 'Represents', None, 'Taiwan Semiconductor Manufacturing Co Ltd', 'COMPANY'), ('INTC', 'STOCKTICKER', 'Represents', None, 'Intel Corp', 'COMPANY'), ('MU', 'STOCKTICKER', 'Represents', None, 'Micron Technology Inc', 'COMPANY'), ('Taiwan Semiconductor Manufacturing Co Ltd', 'COMPANY', 'Decreases In Value', None, 'Stock Price', 'FININSTRUMENTINFO'), ('Intel Corp', 'COMPANY', 'Decreases In Value', None, 'Stock Price', 'FININSTRUMENTINFO'), ('Micron Technology Inc', 'COMPANY', 'Decreases In Value', None, 'Stock Price', 'FININSTRUMENTINFO')]"

2026-07-23T17:21:32Z - INFO - [MetricsComputator::save_partial] Saved partial progress to output/triplets_qwen2.5:14b_semi_cleaned_data_summary_JudgeLLM_metrics_computation.csv
2026-07-23T17:23:08Z - INFO - [MetricsComputator::compute_metrics] 'AMD' '3 Big Stock Charts for Wednesday: Biogen, Cooper Companies, and Maxim' requires reprompt
2026-07-23T17:24:09Z - INFO - [MetricsComputator::compute_metrics] revised triplets : 
self.triplets_df.iloc[row_idx]['output_triplets']="[('Dow Jones Industrial Average', 'FININSTRUMENTINFO', 'Increases By', None, '015', 'MACROINDICATOR'), ('JPMorgan Chase', 'COMPANY', 'Beats', None, 'Earnings Estimates', 'CONCEPT'), ('Maxim', 'COMPANY', 'Needs', None, 'Upside Surprise', 'CONCEPT'), ('Maxim', 'COMPANY', 'Outperforms', None, 'Earnings Estimates', 'CONCEPT'), ('Fiscal Q2 Earnings', 'EVENT', 'Impacts', None, 'Stock Price', 'FININSTRUMENTINFO')]"
[('Dow Jones Industrial Average', 'FIN_INSTRUMENT_INFO', 'Increases By', 'GMM', None, None), ('JPMorgan Chase', 'COMPANY', 'Beats', 'GFMK', 'Earnings Estimates', 'CONCEPT'), ('Biogen', 'COMPANY', 'Has', 'SSI', 'Cheap Stock', 'FIN_INSTRUMENT_INFO'), ('Cooper Companies', 'COMPANY', 'Faces', 'SSI', 'Resistance Level', 'FIN_INSTRUMENT_INFO'), ('Maxim Integrated Products', 'COMPANY', 'Needs', 'GFMK', 'Upside Surprise', 'CONCEPT')]
2026-07-23T17:24:09Z - INFO - [MetricsComputator::compute_metrics] 'AMD' '3 Big Stock Charts for Wednesday: Biogen, Cooper Companies, and Maxim' revised triplets updated.
2026-07-23T17:25:21Z - INFO - [MetricsComputator::compute_metrics] AMD Wednesday's ETF with Unusual Volume: ESGU requires human review
self.triplets_df.iloc[row_idx]['output_triplets']="[('Bank of America', 'FINANCIALENTITY', 'Experiences Price Drop', None, 'Stock Price', 'FININSTRUMENTINFO'), ('Advanced Micro Devices', 'COMPANY', 'Experiences Price Gain', None, 'Stock Price', 'FININSTRUMENTINFO'), ('Twilio', 'COMPANY', 'Outperforms', None, 'iShares ESG MSCI USA ETF', 'FININSTRUMENTINFO'), ('Target', 'COMPANY', 'Underperforms', None, 'iShares ESG MSCI USA ETF', 'FININSTRUMENTINFO')]"

2026-07-23T17:26:38Z - INFO - [MetricsComputator::compute_metrics] 'ADI' 'Notable Wednesday Option Activity: BA, WDC, ADI' requires reprompt
2026-07-23T17:27:43Z - INFO - [MetricsComputator::compute_metrics] revised triplets : 
self.triplets_df.iloc[row_idx]['output_triplets']="[('Traders', 'CONCEPT', 'Buy', None, '335 Strike Call Option', 'DERIVATIVE'), ('335 Strike Call Option', 'DERIVATIVE', 'Derives Value From', None, 'BA', 'COMPANY'), ('Call Option Volume', 'FININSTRUMENTINFO', 'Signifies', None, 'Bullish Sentiment', 'CONCEPT'), ('Traders', 'CONCEPT', 'Buy', None, '70 Strike Call Option', 'DERIVATIVE'), ('70 Strike Call Option', 'DERIVATIVE', 'Derives Value From', None, 'WDC', 'COMPANY'), ('Call Option Volume', 'FININSTRUMENTINFO', 'Signifies', None, 'Bullish Sentiment', 'CONCEPT'), ('Traders', 'CONCEPT', 'Buy', None, '115 Strike Call Option', 'DERIVATIVE'), ('115 Strike Call Option', 'DERIVATIVE', 'Derives Value From', None, 'ADI', 'COMPANY')]"
[('BA', 'COMPANY', 'High Call Option Volume', 'GFMK', '335 Strike Call Option', 'DERIVATIVE'), ('WDC', 'COMPANY', 'High Call Option Volume', 'GFMK', '70 Strike Call Option', 'DERIVATIVE'), ('ADI', 'COMPANY', 'High Call Option Volume', 'GFMK', '115 Strike Call Option', 'DERIVATIVE'), ('335 Strike Call Option', 'DERIVATIVE', 'Derives Value From', 'GFMK', 'BA', 'COMPANY'), ('70 Strike Call Option', 'DERIVATIVE', 'Derives Value From', 'GFMK', 'WDC', 'COMPANY'), ('115 Strike Call Option', 'DERIVATIVE', 'Derives Value From', 'GFMK', 'ADI', 'COMPANY'), ('Call Option Volume BA', 'FIN_INSTRUMENT_INFO', 'Indicates Bullish Sentiment', 'GFMK', 'BA', 'COMPANY'), ('Call Option Volume WDC', 'FIN_INSTRUMENT_INFO', 'Indicates Bullish Sentiment', 'GFMK', 'WDC', 'COMPANY'), ('Call Option Volume ADI', 'FIN_INSTRUMENT_INFO', 'Indicates Bullish Sentiment', 'GFMK', 'ADI', 'COMPANY')]
2026-07-23T17:27:43Z - INFO - [MetricsComputator::compute_metrics] 'ADI' 'Notable Wednesday Option Activity: BA, WDC, ADI' revised triplets updated.
2026-07-23T17:29:01Z - INFO - [MetricsComputator::compute_metrics] 'TXN' 'IVW, AMZN, TXN, COP: Large Outflows Detected at ETF' requires reprompt
2026-07-23T17:30:03Z - INFO - [MetricsComputator::compute_metrics] revised triplets : 
self.triplets_df.iloc[row_idx]['output_triplets']="[('Amazoncom Inc', 'COMPANY', 'Trades Flat', None, 'Stock Price', 'FININSTRUMENTINFO'), ('Texas Instruments Inc', 'COMPANY', 'Decreases', None, 'Stock Price', 'FININSTRUMENTINFO'), ('ConocoPhillips', 'COMPANY', 'Decreases', None, 'Stock Price', 'FININSTRUMENTINFO'), ('IVW', 'STOCKTICKER', 'Has Components', None, 'Amazoncom Inc', 'COMPANY'), ('IVW', 'STOCKTICKER', 'Has Components', None, 'Texas Instruments Inc', 'COMPANY'), ('IVW', 'STOCKTICKER', 'Has Components', None, 'ConocoPhillips', 'COMPANY'), ('IVW', 'STOCKTICKER', 'Tracks', None, '200 Day Moving Average', 'FININSTRUMENTINFO'), ('IVW', 'STOCKTICKER', 'Low Point In 52 Week Range', None, '15633', 'CURRENCY'), ('IVW', 'STOCKTICKER', 'High Point In 52 Week Range', None, '20045', 'CURRENCY'), ('IVW', 'STOCKTICKER', 'Last Trade Price', None, '20018', 'CURRENCY')]"
[('IVW', 'STOCK_TICKER', 'Tracks', 'GFMK', '200 Day Moving Average', 'FIN_INSTRUMENT_INFO'), ('IVW', 'STOCK_TICKER', 'Has Components', 'GFMK', 'AMZN', 'COMPANY'), ('IVW', 'STOCK_TICKER', 'Has Components', 'GFMK', 'TXN', 'COMPANY'), ('IVW', 'STOCK_TICKER', 'Has Components', 'GFMK', 'COP', 'COMPANY'), ('AMZN', 'COMPANY', 'Trades Flat', 'SSI', None, None), ('TXN', 'COMPANY', 'Decreases', 'SSI', None, None), ('COP', 'COMPANY', 'Decreases', 'SSI', None, None)]
2026-07-23T17:30:03Z - INFO - [MetricsComputator::compute_metrics] 'TXN' 'IVW, AMZN, TXN, COP: Large Outflows Detected at ETF' revised triplets updated.
2026-07-23T17:31:58Z - INFO - [MetricsComputator::compute_metrics] 'MU' 'Why Seagate Technology Is My Favorite Dividend Stock for 2020' requires reprompt
2026-07-23T17:33:15Z - INFO - [MetricsComputator::compute_metrics] revised triplets : 
self.triplets_df.iloc[row_idx]['output_triplets']="[('Seagate', 'COMPANY', 'Avoids', None, 'Sharp Declines', 'CONCEPT'), ('Micron', 'COMPANY', 'Experiences', None, 'Sharp Declines', 'CONCEPT'), ('Western Digital', 'COMPANY', 'Experiences', None, 'Sharp Declines', 'CONCEPT'), ('Data Center Construction', 'CONCEPT', 'Slows Down', None, 'Last Year', 'CONCEPT'), ('Economic Uncertainty', 'CONCEPT', 'Due To', None, 'Trade Wars', 'CONCEPT'), ('Seagate', 'COMPANY', 'Takes Toll On', None, 'Sales Growth', 'CONCEPT'), ('AIbased Video Surveillance', 'PRODUCT', 'Emerging In', None, 'Market', 'CONCEPT'), ('Smart Factories', 'PRODUCT', 'Emerging In', None, 'Market', 'CONCEPT'), ('Digitalmemory Makers', 'CONCEPT', 'Benefit From', None, 'Intense Data Processing And Storage', 'CONCEPT'), ('Seagate', 'COMPANY', 'Forecasted To Return To', None, 'Yearoveryear Sales Growth', 'ECONINDICATOR'), ('Seagate', 'COMPANY', 'Close To Even On', None, 'Bottom Line', 'FININSTRUMENTINFO')]"
[('Seagate', 'COMPANY', 'Avoids', 'SSI', 'Sharp Declines', 'CONCEPT'), ('Micron', 'COMPANY', 'Experiences', 'SSI', 'Sharp Declines', 'CONCEPT'), ('Western Digital', 'COMPANY', 'Experiences', 'SSI', 'Sharp Declines', 'CONCEPT'), ('Data Center Construction', 'CONCEPT', 'Slows Down', 'GFMK', 'Economic Uncertainty', 'MACRO_INDICATOR'), ('Seagate', 'COMPANY', 'Takes Toll On', 'GFMK', 'Sales Growth', 'ECON_INDICATOR'), ('AI-based Video Surveillance', 'PRODUCT', 'Emerging In', 'SSI', 'Market', 'CONCEPT'), ('Smart Factories', 'PRODUCT', 'Emerging In', 'SSI', 'Market', 'CONCEPT'), ('Digital Memory Makers', 'SECTOR', 'Benefit From', 'GFMK', 'Intense Data Processing And Storage', 'CONCEPT'), ('Seagate', 'COMPANY', 'Forecasted To Return To', 'GMM', 'Year-over-year Sales Growth', 'ECON_INDICATOR'), ('Seagate', 'COMPANY', 'Close To Even On', 'GMM', 'Bottom Line', 'FIN_INSTRUMENT_INFO')]
2026-07-23T17:33:15Z - INFO - [MetricsComputator::compute_metrics] 'MU' 'Why Seagate Technology Is My Favorite Dividend Stock for 2020' revised triplets updated.
2026-07-23T17:34:52Z - INFO - [MetricsComputator::compute_metrics] 'MU' 'If 5G Demand Exceeds Projections, Micron Stock Can Climb Further' requires reprompt
2026-07-23T17:35:50Z - INFO - [MetricsComputator::compute_metrics] revised triplets : 
self.triplets_df.iloc[row_idx]['output_triplets']="[('Micron', 'COMPANY', 'Benefits From', None, '5G Devices', 'CONCEPT'), ('Micron', 'COMPANY', 'Benefits From', None, 'DRAM', 'PRODUCT'), ('Micron', 'COMPANY', 'Benefits From', None, 'NAND Memory', 'PRODUCT'), ('MU Stock', 'STOCKTICKER', 'Expected To Rise Due To', None, 'Earnings Exceeding Expectations', 'CONCEPT'), ('MU Stock', 'STOCKTICKER', 'Has Forward PE Ratio Of', None, '258', 'NUMBER')]"
[('Micron', 'COMPANY', 'Benefits From', 'SSI', '5G Devices', 'PRODUCT'), ('Micron', 'COMPANY', 'Produces', 'SSI', 'DRAM', 'PRODUCT'), ('Micron', 'COMPANY', 'Produces', 'SSI', 'NAND Memory', 'PRODUCT'), ('MU Stock', 'STOCK_TICKER', 'Expected To Rise Due To', 'GFMK', 'Earnings Exceeding Expectations', 'FIN_INSTRUMENT_INFO'), ('Micron', 'COMPANY', 'Has Forward PE Ratio Of', 'GFMK', '258', 'NUMBER')]
2026-07-23T17:35:50Z - INFO - [MetricsComputator::compute_metrics] 'MU' 'If 5G Demand Exceeds Projections, Micron Stock Can Climb Further' revised triplets updated.
2026-07-23T17:37:20Z - INFO - [MetricsComputator::compute_metrics] 'INTC' 'Dow Jones Today: More Records as Financials, Tech Lead the Way' requires reprompt
2026-07-23T17:38:39Z - INFO - [MetricsComputator::compute_metrics] revised triplets : 
self.triplets_df.iloc[row_idx]['output_triplets']="[('USMexicoCanada Free Trade Agreement', 'CONCEPT', 'Approved By', None, 'Senate', 'FINANCIALENTITY'), ('Free Trade Agreement', 'CONCEPT', 'Positive Impact On', None, 'Stock Market', 'FININSTRUMENTINFO'), ('Technology Sector', 'SECTOR', 'Dominates', None, 'SP 500 Index', 'FININSTRUMENTINFO'), ('Financial Services Sector', 'SECTOR', 'Dominates', None, 'SP 500 Index', 'FININSTRUMENTINFO'), ('Intel', 'COMPANY', 'Reports', None, 'Revenue', 'ECONINDICATOR'), ('Intel', 'COMPANY', 'Positive Impact On', None, 'Dow Jones Industrial Average', 'FININSTRUMENTINFO')]"
[('USMexicoCanada Free Trade Agreement', 'CONCEPT', 'Positive Impact On', 'GMM', 'Stock Market', 'FININSTRUMENTINFO'), ('Intel', 'COMPANY', 'Reports', 'SSI', 'Revenue', 'ECONINDICATOR'), ('Taiwan Semiconductor Manufacturing Company Ltd.', 'COMPANY', 'Forecasts', 'SSI', 'Revenue', 'ECONINDICATOR'), ('Home Depot Inc.', 'COMPANY', 'Supported By', 'GMM', 'Retail Sales Data', 'MACRO_INDICATOR'), ('Walmart Inc.', 'COMPANY', 'Supported By', 'GMM', 'Retail Sales Data', 'MACRO_INDICATOR'), ('Apple Inc.', 'COMPANY', 'Benefited From', 'GMM', '5G Deployment', 'CONCEPT'), ('Disney Inc.', 'COMPANY', 'Noted Gain In', 'GMM', 'Stock Market', 'FININSTRUMENTINFO'), ('Comcast Corporation', 'COMPETITOR', 'Launched Streaming Service', 'SSI', 'Peacock Streaming Service', 'PRODUCT'), ('Netflix Inc.', 'COMPETITOR', 'Reports Earnings', 'GMM', 'Earnings Announcement', 'EVENT'), ('Morgan Stanley', 'FINANCIAL_ENTITY', 'Boosted Sector', 'GMM', 'Financial Services Sector', 'SECTOR'), ('American Express', 'COMPANY', 'Reports Fourth Quarter Results', 'SSI', 'Earnings Report', 'MACRO_INDICATOR'), ('Travelers Companies Inc.', 'COMPANY', 'Reports Fourth Quarter Results', 'SSI', 'Earnings Report', 'MACRO_INDICATOR'), ('Boeing Company', 'COMPANY', 'Among Dow Winners Despite Headlines', 'GMM', 'Challenging Backdrop', 'CONCEPT')]
2026-07-23T17:38:39Z - INFO - [MetricsComputator::compute_metrics] 'INTC' 'Dow Jones Today: More Records as Financials, Tech Lead the Way' revised triplets updated.
2026-07-23T17:39:43Z - INFO - [MetricsComputator::compute_metrics] 'TSM' 'Technology Sector Update for 01/16/2020: SOL, TSM, CSOD, MSFT, AAPL, IBM, CSCO, GOOG' is good enough
2026-07-23T17:41:04Z - INFO - [MetricsComputator::compute_metrics] AMD Why Advanced Micro Devices Can’t Repeat Its 2019 Showing requires human review
self.triplets_df.iloc[row_idx]['output_triplets']="[('AMD', 'COMPANY', 'Outperforms', None, 'Competitors', 'CONCEPT'), ('AMD', 'COMPANY', 'Delivers', None, 'Stock Return', 'FININSTRUMENTINFO'), ('AMD', 'COMPANY', 'Is Most Valuable Since', None, '2000', 'YEAR'), ('Analysts', 'CONCEPT', 'Bet Against', None, 'AMD Stock', 'FININSTRUMENTINFO')]"

2026-07-23T17:42:51Z - INFO - [MetricsComputator::compute_metrics] 'INTC' 'A Better Year for PCs Doesn't Make HP a Buy' requires reprompt
2026-07-23T17:43:51Z - INFO - [MetricsComputator::compute_metrics] revised triplets : 
self.triplets_df.iloc[row_idx]['output_triplets']="[('Intel', 'COMPANY', 'Experiences Production Issues', None, 'Manufacturing', 'CONCEPT'), ('INTC', 'STOCKTICKER', 'Derives Value From', None, 'Intel', 'COMPANY'), ('Xerox', 'COMPANY', 'Makes Acquisition Overtures Toward', None, 'HP', 'COMPANY'), ('HP', 'COMPANY', 'Is Potentially Acquired By', None, 'Xerox', 'COMPANY'), ('Microsoft', 'COMPANY', 'Ends Support For', None, 'Windows 7 Operating System', 'PRODUCT')]"
[('HP', 'COMPANY', 'Experiences Growth From', 'GFMK', 'PC Shipments', 'PRODUCT'), ('Intel', 'COMPANY', 'Impacts', 'SSI', 'HP', 'COMPANY'), ('Microsoft', 'COMPANY', 'Ends Support For', 'GMM', 'Windows 7 Operating System', 'PRODUCT'), ('Xerox', 'COMPANY', 'Makes Acquisition Overtures Toward', 'GFMK', 'HP', 'COMPANY')]
2026-07-23T17:43:51Z - INFO - [MetricsComputator::compute_metrics] 'INTC' 'A Better Year for PCs Doesn't Make HP a Buy' revised triplets updated.
2026-07-23T17:43:51Z - INFO - [MetricsComputator::save_partial] Saved partial progress to output/triplets_qwen2.5:14b_semi_cleaned_data_summary_JudgeLLM_metrics_computation.csv
2026-07-23T17:45:00Z - INFO - [MetricsComputator::compute_metrics] 'MRVL' 'Notable Thursday Option Activity: RLI, LGIH, MRVL' requires reprompt
2026-07-23T17:45:43Z - INFO - [MetricsComputator::compute_metrics] revised triplets : 
self.triplets_df.iloc[row_idx]['output_triplets']="[('28 Strike Call Option', 'DERIVATIVE', 'Derives Value From', None, 'Marvell Technology Group Ltd', 'COMPANY'), ('28 Strike Call Option', 'DERIVATIVE', 'High Volume Traded For', None, 'MRVL', 'STOCKTICKER'), ('49604 Contracts', 'FININSTRUMENTINFO', 'Represent Underlying Shares Of', None, '50 million shares', 'FININSTRUMENTINFO')]"
[('RLI', 'COMPANY', 'High Volume Traded For', 'GFMK', '$94 Strike Call Option', 'DERIVATIVE'), ('LGIH', 'COMPANY', 'High Volume Traded For', 'GFMK', '$40 Strike Put Option', 'DERIVATIVE'), ('MRVL', 'COMPANY', 'High Volume Traded For', 'GFMK', '$28 Strike Call Option', 'DERIVATIVE')]
2026-07-23T17:45:43Z - INFO - [MetricsComputator::compute_metrics] 'MRVL' 'Notable Thursday Option Activity: RLI, LGIH, MRVL' revised triplets updated.
2026-07-23T17:46:58Z - INFO - [MetricsComputator::compute_metrics] 'AMD' '3 Tech Stocks to Play Ahead of Earnings' requires reprompt
2026-07-23T17:47:55Z - INFO - [MetricsComputator::compute_metrics] revised triplets : 
self.triplets_df.iloc[row_idx]['output_triplets']="[('AMD', 'COMPANY', 'Increases', None, 'Stock Price', 'FININSTRUMENTINFO'), ('Stock Price', 'FININSTRUMENTINFO', 'Brings', None, 'Profits', 'CONCEPT'), ('AMD', 'COMPANY', 'Reaches', None, 'Earnings Report', 'EVENT')]"
[('Apple', 'COMPANY', 'Sells', 'GFMK', 'Calls', 'DERIVATIVE'), ('Microsoft', 'COMPANY', 'Sells', 'GFMK', 'Calls', 'DERIVATIVE'), ('AMD', 'COMPANY', 'Sells', 'GFMK', 'Calls', 'DERIVATIVE'), ('Apple Stock Price', 'FIN_INSTRUMENT_INFO', 'Increases', 'SSI', 'Stock Buyback', 'FIN_INSTRUMENT_INFO'), ('Microsoft Stock Price', 'FIN_INSTRUMENT_INFO', 'Increases', 'SSI', 'Stock Buyback', 'FIN_INSTRUMENT_INFO'), ('AMD Stock Price', 'FIN_INSTRUMENT_INFO', 'Increases', 'SSI', 'Stock Buyback', 'FIN_INSTRUMENT_INFO'), ('Earnings Report', 'EVENT', 'Impacts', 'GMM', 'Stock Price', 'FIN_INSTRUMENT_INFO')]
2026-07-23T17:47:55Z - INFO - [MetricsComputator::compute_metrics] 'AMD' '3 Tech Stocks to Play Ahead of Earnings' revised triplets updated.
2026-07-23T17:49:12Z - INFO - [MetricsComputator::compute_metrics] 'TSM' '5 Top Stock Trades for Friday: SIG, MSFT, TNDM' requires reprompt
2026-07-23T17:50:20Z - INFO - [MetricsComputator::compute_metrics] revised triplets : 
self.triplets_df.iloc[row_idx]['output_triplets']="[('Taiwan Semiconductor', 'COMPANY', 'Reports', None, 'Earnings', 'CONCEPT'), ('Stock Price', 'FININSTRUMENTINFO', 'Is Flat On', None, 'Thursday', 'EVENT')]"
[('Signet Jewelers', 'COMPANY', 'Reports', 'GFMK', 'Earnings Beat', 'CONCEPT'), ('SIG Stock Price', 'FIN_INSTRUMENT_INFO', 'Surpass', 'GMM', 'Short Squeeze Level', 'CONCEPT'), ('Microsoft', 'COMPANY', 'Hits', 'SSI', 'New High', 'CONCEPT'), ('MSFT Stock Price', 'FIN_INSTRUMENT_INFO', 'Needs', 'GMM', 'Consolidation', 'CONCEPT'), ('Tandem Diabetes Care', 'COMPANY', 'Continues To Put In', 'SSI', 'Higher Lows', 'CONCEPT'), ('TNDM Stock Price', 'FIN_INSTRUMENT_INFO', 'Faces', 'GMM', 'Resistance', 'CONCEPT'), ('InMode', 'COMPANY', 'Breaks Out Of', 'GFMK', 'Downtrend Resistance', 'CONCEPT'), ('INMD Stock Price', 'FIN_INSTRUMENT_INFO', 'Resists At', 'GMM', '45 Dollar Level', 'CONCEPT'), ('Taiwan Semiconductor', 'COMPANY', 'Reacts To', 'SSI', 'Earnings Report', 'CONCEPT'), ('TSM Stock Price', 'FIN_INSTRUMENT_INFO', 'Fights With', 'GMM', '60 Dollar Level', 'CONCEPT')]
2026-07-23T17:50:20Z - INFO - [MetricsComputator::compute_metrics] 'TSM' '5 Top Stock Trades for Friday: SIG, MSFT, TNDM' revised triplets updated.
2026-07-23T17:51:35Z - INFO - [MetricsComputator::compute_metrics] 'TSM' 'Technology Sector Update for 01/16/2020: SNAP,VISL,GOGO,CTL,TSM' requires reprompt
2026-07-23T17:52:33Z - INFO - [MetricsComputator::compute_metrics] revised triplets : 
self.triplets_df.iloc[row_idx]['output_triplets']="[('Technology Stocks', 'CONCEPT', 'Advance', None, 'SP 500', 'FININSTRUMENTINFO'), ('Philadelphia Semiconductor Index', 'FININSTRUMENTINFO', 'Increases', None, 'TSMC', 'COMPANY'), ('TSMC', 'COMPANY', 'Reports Exceeding Revenue', None, 'Q4 Net Income', 'ECONINDICATOR'), ('TSMC', 'COMPANY', 'Outperforms', None, 'Wall Street Estimates', 'CONCEPT'), ('CenturyLink', 'COMPANY', 'Wins', None, 'Task Order', 'CONCEPT'), ('CenturyLink', 'COMPANY', 'Gains', None, 'Stock Price', 'FININSTRUMENTINFO')]"
[('MSFT', 'STOCK_TICKER', 'Increases', 'GFMK', 'Stock Price', 'FIN_INSTRUMENT_INFO'), ('AAPL', 'STOCK_TICKER', 'Increases', 'GFMK', 'Stock Price', 'FIN_INSTRUMENT_INFO'), ('IBM', 'STOCK_TICKER', 'Increases', 'GFMK', 'Stock Price', 'FIN_INSTRUMENT_INFO'), ('CSCO', 'STOCK_TICKER', 'Increases', 'GFMK', 'Stock Price', 'FIN_INSTRUMENT_INFO'), ('GOOG', 'STOCK_TICKER', 'Increases', 'GFMK', 'Stock Price', 'FIN_INSTRUMENT_INFO'), ('TSM', 'COMPANY', 'Reports Exceeding Revenue', 'SSI', 'Q4 Net Income', 'ECON_INDICATOR'), ('TSM', 'COMPANY', 'Surpasses', 'SSI', 'Wall Street Estimates', 'CONCEPT'), ('Snap', 'COMPANY', 'Announces Share Sale', 'GMM', 'CEO Evan Spiegel', 'PERSON'), ('Vislink Technologies', 'COMPANY', 'Appoints', 'GMM', 'Carleton Miller', 'PERSON'), ('CenturyLink', 'COMPANY', 'Wins Contract', 'GMM', 'Task Order', 'FIN_INSTRUMENT_INFO')]
2026-07-23T17:52:33Z - INFO - [MetricsComputator::compute_metrics] 'TSM' 'Technology Sector Update for 01/16/2020: SNAP,VISL,GOGO,CTL,TSM' revised triplets updated.
2026-07-23T17:53:32Z - INFO - [MetricsComputator::compute_metrics] 'TSM' 'TSMC Q4 Profit Climbs; Sees Sequentially Lower Revenues In Q1' is good enough
2026-07-23T17:54:23Z - INFO - [MetricsComputator::compute_metrics] AMD Nasdaq 100 Movers: TSLA, AMD requires human review
self.triplets_df.iloc[row_idx]['output_triplets']="[('Advanced Micro Devices', 'COMPANY', 'Trades Up', None, 'Stock Price', 'FININSTRUMENTINFO'), ('Advanced Micro Devices', 'COMPANY', 'Outperforms', None, 'Nasdaq 100 index', 'FININSTRUMENTINFO'), ('Advanced Micro Devices', 'COMPANY', 'Registers Gain', None, 'Year To Date Performance', 'CONCEPT')]"

2026-07-23T17:55:32Z - INFO - [MetricsComputator::compute_metrics] AMD Advanced Micro Devices Takes Over #117 Spot From Ecolab requires human review
self.triplets_df.iloc[row_idx]['output_triplets']="[('Advanced Micro Devices Inc', 'COMPANY', 'Overtakes', None, 'Ecolab Inc', 'COMPANY'), ('Advanced Micro Devices Inc', 'COMPANY', 'Has Market Cap Of', None, '5672 billion USD', 'CURRENCY'), ('Ecolab Inc', 'COMPANY', 'Has Market Cap Of', None, '5637 billion USD', 'CURRENCY'), ('Advanced Micro Devices Inc', 'STOCKTICKER', 'Is Symbol For', None, 'AMD', 'STOCKTICKER'), ('Ecolab Inc', 'STOCKTICKER', 'Is Symbol For', None, 'ECL', 'STOCKTICKER')]"

2026-07-23T17:56:31Z - INFO - [MetricsComputator::compute_metrics] AMD Technology Sector Update for 01/17/2020: AMD,INTC,SNAP,PRGS requires human review
self.triplets_df.iloc[row_idx]['output_triplets']="[('Advanced Micro Devices', 'COMPANY', 'Hires', None, 'Daniel McNamara', 'CONCEPT'), ('Advanced Micro Devices', 'COMPANY', 'Announces', None, 'Internal Promotions', 'CONCEPT'), ('Advanced Micro Devices', 'COMPANY', 'Benefits From', None, 'Competitive Advantages', 'CONCEPT'), ('Progress Software', 'COMPANY', 'Reports', None, 'Q4 Financial Results', 'ECONINDICATOR'), ('Progress Software', 'COMPANY', 'Exceeds', None, 'Analyst Estimates', 'CONCEPT'), ('Progress Software', 'COMPANY', 'Increases Guidance On', None, 'Net Income', 'ECONINDICATOR'), ('Progress Software', 'COMPANY', 'Increases Guidance On', None, 'Revenue', 'ECONINDICATOR')]"

2026-07-23T17:57:51Z - INFO - [MetricsComputator::compute_metrics] TSM May 15th Options Now Available For Taiwan Semiconductor Manufacturing (TSM) requires human review
self.triplets_df.iloc[row_idx]['output_triplets']="[('TSM', 'STOCKTICKER', 'Represents', None, 'Taiwan Semiconductor Manufacturing Co Ltd', 'COMPANY'), ('Trailing Twelve Month Trading History', 'FININSTRUMENTINFO', 'Highlights', None, '6000 Strike Call Option', 'DERIVATIVE'), ('6000 Strike Call Option', 'DERIVATIVE', 'Represents', None, '3 Premium To Current Stock Price', 'CONCEPT'), ('6000 Strike Call Option', 'DERIVATIVE', 'Could Expire Worthless', None, 'Covered Call Contract', 'FININSTRUMENTINFO'), ('6000 Strike Call Option', 'DERIVATIVE', 'Impacts', None, 'Investor Profits', 'CONCEPT'), ('Taiwan Semiconductor Manufacturing Co Ltd', 'COMPANY', 'Issues New Options', None, 'May 15th Expiration', 'EVENT')]"

2026-07-23T17:59:05Z - INFO - [MetricsComputator::compute_metrics] 'TSM' 'TSMC Sees Strong Chip Demand Coming Up and Invests Billions of Dollars Accordingly' requires reprompt
2026-07-23T17:59:51Z - INFO - [MetricsComputator::compute_metrics] revised triplets : 
self.triplets_df.iloc[row_idx]['output_triplets']="[('Taiwan Semiconductor Manufacturing', 'COMPANY', 'Reports', None, 'Revenue Growth', 'ECONINDICATOR'), ('Taiwan Semiconductor Manufacturing', 'COMPANY', 'Delivers Products For', None, '5G Wireless Standards', 'CONCEPT')]"
[('Taiwan Semiconductor Manufacturing', 'COMPANY', 'Reports', 'GFMK', 'Revenue Growth', 'ECON_INDICATOR'), ('Taiwan Semiconductor Manufacturing', 'COMPANY', 'Produces', 'SSI', '5G Wireless Standards', 'PRODUCT'), ('Taiwan Semiconductor Manufacturing', 'COMPANY', 'Invests In', 'GMM', 'Advanced Process Technologies', 'FIN_INSTRUMENT_INFO')]
2026-07-23T17:59:51Z - INFO - [MetricsComputator::compute_metrics] 'TSM' 'TSMC Sees Strong Chip Demand Coming Up and Invests Billions of Dollars Accordingly' revised triplets updated.
2026-07-23T17:59:51Z - INFO - [MetricsComputator::save_partial] Saved partial progress to output/triplets_qwen2.5:14b_semi_cleaned_data_summary_JudgeLLM_metrics_computation.csv
2026-07-23T18:01:17Z - INFO - [MetricsComputator::compute_metrics] MU Investors Shouldn't Ignore Seagate's SSD Business requires human review
self.triplets_df.iloc[row_idx]['output_triplets']="[('Seagate', 'COMPANY', 'Faces Competition From', None, 'Samsung', 'COMPANY'), ('Seagate', 'COMPANY', 'Faces Competition From', None, 'Western Digital', 'COMPANY'), ('Seagate', 'COMPANY', 'Faces Competition From', None, 'Kingston', 'COMPANY'), ('Seagate', 'COMPANY', 'Faces Competition From', None, 'Toshiba', 'COMPANY'), ('Seagate', 'COMPANY', 'Faces Competition From', None, 'Micron', 'COMPANY'), ('NAND Prices', 'MACROINDICATOR', 'Negative Impact On', None, 'Seagate', 'COMPANY'), ('Seagate', 'COMPANY', 'Focuses On', None, 'Enterprise SSDs', 'PRODUCT'), ('Enterprise SSDs', 'PRODUCT', 'Complement', None, 'Mass Capacity HDD Solution', 'PRODUCT')]"

2026-07-23T18:02:12Z - INFO - [MetricsComputator::compute_metrics] 'QCOM' 'Insiders Were Right: QCOM Makes New 52-Week High' requires reprompt
2026-07-23T18:02:53Z - INFO - [MetricsComputator::compute_metrics] revised triplets : 
self.triplets_df.iloc[row_idx]['output_triplets']="[('QCOM', 'STOCKTICKER', 'Has Unrealized Gain For', None, 'Investors', 'CONCEPT'), ('QCOM', 'STOCKTICKER', 'Includes Insider Buys', None, 'Insiders', 'CONCEPT'), ('QCOM', 'STOCKTICKER', 'Trading At', None, '9569 USD', 'FININSTRUMENTINFO')]"
[('QCOM', 'STOCK_TICKER', 'Includes Insider Buys', 'GFMK', 'Insiders', 'FINANCIAL_ENTITY'), ('QCOM', 'STOCK_TICKER', 'Trading At', 'GFMK', '9569 USD', 'FIN_INSTRUMENT_INFO'), ('Mark D. McLaughlin', 'FINANCIAL_ENTITY', 'Purchased Shares Of', 'GMM', 'QCOM', 'STOCK_TICKER'), ('Irene B. Rosenfeld', 'FINANCIAL_ENTITY', 'Purchased Shares Of', 'GMM', 'QCOM', 'STOCK_TICKER')]
2026-07-23T18:02:53Z - INFO - [MetricsComputator::compute_metrics] 'QCOM' 'Insiders Were Right: QCOM Makes New 52-Week High' revised triplets updated.
2026-07-23T18:04:16Z - INFO - [MetricsComputator::compute_metrics] 'AMD' '3 Factors to Consider for Nvidia Stock in 2020' requires reprompt
2026-07-23T18:05:15Z - INFO - [MetricsComputator::compute_metrics] revised triplets : 
self.triplets_df.iloc[row_idx]['output_triplets']="[('AMD', 'COMPANY', 'Wins Contract From', None, 'Sony', 'COMPANY'), ('Sony', 'COMPANY', 'Announces Use Of', None, 'Chips', 'PRODUCT'), ('Geopolitical Tensions', 'CONCEPT', 'Increase Risk Of', None, 'Asymmetric Attacks', 'CONCEPT'), ('AI', 'CONCEPT', 'Plays Crucial Role In', None, 'Defensive Mechanisms', 'CONCEPT')]"
[('Nvidia', 'COMPANY', 'Surpasses', 'GFMK', '2018 highs', 'ECON_INDICATOR'), ('Intel', 'COMPANY', 'Builds Off', 'SSI', '2019 momentum', 'FIN_INSTRUMENT_INFO'), ('AMD', 'COMPANY', 'Scores Contract', 'GMM', 'Sony PS5', 'PRODUCT'), ('Nvidia', 'COMPANY', 'Innovates In', 'GFMK', 'AI', 'CONCEPT'), ('Geopolitical Tensions', 'MACRO_INDICATOR', 'Increase Risk Of', 'SSI', 'Asymmetric Attacks', 'CONCEPT'), ('Semiconductor Industry', 'SECTOR', 'Bright Spot', 'GMM', 'US Economy', 'ECON_INDICATOR'), ('Nvidia', 'COMPANY', 'Focuses On', 'GFMK', 'Deep Learning', 'CONCEPT')]
2026-07-23T18:05:15Z - INFO - [MetricsComputator::compute_metrics] 'AMD' '3 Factors to Consider for Nvidia Stock in 2020' revised triplets updated.
2026-07-23T18:06:44Z - INFO - [MetricsComputator::compute_metrics] 'AMD' 'Intel Stock May Not Be Trendy, But It’ll Work in 2020' requires reprompt
2026-07-23T18:07:52Z - INFO - [MetricsComputator::compute_metrics] revised triplets : 
self.triplets_df.iloc[row_idx]['output_triplets']="[('AMD', 'COMPANY', 'Competes With', None, 'Nvidia', 'COMPANY'), ('AMD', 'COMPANY', 'Stock Price', None, '155 Increase', 'FININSTRUMENTINFO'), ('Nvidia', 'COMPANY', 'Stock Price', None, '67 Increase', 'FININSTRUMENTINFO')]"
[('Intel', 'COMPANY', 'Stock Price', 'FIN_INSTRUMENT_INFO', '23 Increase', 'FININSTRUMENTINFO'), ('AMD', 'COMPANY', 'Stock Price', 'FIN_INSTRUMENT_INFO', '155 Increase', 'FININSTRUMENTINFO'), ('Nvidia', 'COMPETITION', 'Competes With', 'SSI', 'Intel', 'COMPANY'), ('Intel', 'COMPETITION', 'Competes With', 'SSI', 'AMD', 'COMPANY'), ('Intel', 'STABILITY', 'Provides', 'GFMK', 'Investors', 'CONCEPT'), ('Intel', 'VALUATION', 'Remains Attractive', 'GMM', 'Peers', 'CONCEPT'), ('IT Spending', 'INFLUENCES', 'Revenue Growth', 'SSI', 'Intel', 'COMPANY'), ('IoT Demand', 'DRIVES', 'Revenue Growth', 'SSI', 'Intel', 'COMPANY'), ('5G Expansion', 'ENHANCES', 'IoT Demand', 'GMM', 'Market Trend', 'CONCEPT'), ('7-nanometer CPUs', 'LAUNCH IMPACTS', 'Stock Price', 'GFMK', 'Intel', 'COMPANY')]
2026-07-23T18:07:52Z - INFO - [MetricsComputator::compute_metrics] 'AMD' 'Intel Stock May Not Be Trendy, But It’ll Work in 2020' revised triplets updated.
2026-07-23T18:08:40Z - INFO - [MetricsComputator::compute_metrics] 'QCOM' 'Nasdaq 100 Movers: CDW, QCOM' requires reprompt
2026-07-23T18:09:24Z - INFO - [MetricsComputator::compute_metrics] revised triplets : 
self.triplets_df.iloc[row_idx]['output_triplets']="[('Qualcomm', 'COMPANY', 'Outperforms', None, 'Nasdaq 100 Index', 'FININSTRUMENTINFO'), ('Qualcomm', 'COMPANY', 'Increases', None, 'Stock Price', 'FININSTRUMENTINFO')]"
[('Qualcomm', 'COMPANY', 'Outperforms', 'GFMK', 'Nasdaq 100 Index', 'FININSTRUMENTINFO'), ('CDW Corp', 'COMPANY', 'Underperforms', 'GFMK', 'Nasdaq 100 Index', 'FININSTRUMENTINFO'), ('Qualcomm', 'COMPANY', 'Increases', 'GFMK', 'Stock Price', 'FIN_INSTRUMENT_INFO'), ('CDW Corp', 'COMPANY', 'Decreases', 'GFMK', 'Stock Price', 'FIN_INSTRUMENT_INFO'), ('NetApp', 'COMPANY', 'Decreases', 'GMM', 'Stock Price', 'FIN_INSTRUMENT_INFO'), ('Xilinx', 'COMPANY', 'Increases', 'GMM', 'Stock Price', 'FIN_INSTRUMENT_INFO')]
2026-07-23T18:09:24Z - INFO - [MetricsComputator::compute_metrics] 'QCOM' 'Nasdaq 100 Movers: CDW, QCOM' revised triplets updated.
2026-07-23T18:11:00Z - INFO - [MetricsComputator::compute_metrics] INTC Patent Dominance: Top 5 Companies Leading the Charge requires human review
self.triplets_df.iloc[row_idx]['output_triplets']="[('Intel Corporation', 'COMPANY', 'Increases', None, 'Patents', 'ECONINDICATOR'), ('IBM', 'COMPANY', 'Improves', None, 'Competitive Position', 'CONCEPT'), ('IBM', 'COMPANY', 'Enhances', None, 'Profit Dynamics', 'CONCEPT'), ('Intel Corporation', 'COMPANY', 'Announces', None, 'Restructuring Initiative', 'CONCEPT')]"

2026-07-23T18:12:11Z - INFO - [MetricsComputator::compute_metrics] INTC Technology Sector Update for 01/17/2020: NICE,AMD,INTC,SNAP,PRGS requires human review
self.triplets_df.iloc[row_idx]['output_triplets']="[('Advanced Micro Devices', 'COMPANY', 'Hires', None, 'Daniel McNamara', 'CONCEPT'), ('Daniel McNamara', 'CONCEPT', 'Previously At', None, 'Intel', 'FINANCIALENTITY'), ('Advanced Micro Devices', 'COMPANY', 'Competes With', None, 'Intel', 'FINANCIALENTITY'), ('Progress Software', 'COMPANY', 'Reports', None, 'Q4 Financial Results', 'ECONINDICATOR'), ('Progress Software', 'COMPANY', 'Exceeds', None, 'Wall Street Estimates', 'CONCEPT'), ('Progress Software', 'COMPANY', 'Hires', None, 'Anthony Folger', 'CONCEPT'), ('Anthony Folger', 'CONCEPT', 'Previously At', None, 'Carbonite', 'COMPANY')]"

2026-07-23T18:13:40Z - INFO - [MetricsComputator::compute_metrics] QCOM After a 62% Run-Up, Does it Make Sense to Buy Qualcomm Stock Now? requires human review
self.triplets_df.iloc[row_idx]['output_triplets']="[('Qualcomm', 'COMPANY', 'Benefit From', None, 'Intellectual Property Revenue', 'CONCEPT'), ('Smartphone Manufacturers', 'CONCEPT', 'Relies On', None, 'Qualcomm', 'COMPANY'), ('Qualcomm', 'COMPANY', 'Leads In', None, '5G Technology', 'CONCEPT'), ('QCOM Stock', 'STOCKTICKER', 'Increases', None, 'Stock Price', 'FININSTRUMENTINFO')]"

2026-07-23T18:15:12Z - INFO - [MetricsComputator::compute_metrics] 'MRVL' '3 “Strong Buy” Stocks for the 5G Revolution in 2020' requires reprompt
2026-07-23T18:16:10Z - INFO - [MetricsComputator::compute_metrics] revised triplets : 
self.triplets_df.iloc[row_idx]['output_triplets']="[('Marvell Technology', 'COMPANY', 'Beneficiary Of', None, '5G Base Station Market', 'CONCEPT'), ('5G Base Station Market', 'CONCEPT', 'Expected To Generate', None, '6 billion in annual sales', 'FININSTRUMENTINFO'), ('6 billion in annual sales', 'FININSTRUMENTINFO', 'Exceeds', None, 'Wall Street Analyst Expectations', 'CONCEPT'), ('Marvell Technology', 'COMPANY', 'Competes With', None, 'Huawei', 'COMPANY'), ('Huawei ability to ship critical 5G infrastructure products', 'CONCEPT', 'Limited In', None, 'International Markets', 'CONCEPT')]"
[('Marvell Technology', 'COMPANY', 'Beneficiary Of', 'SSI', '5G Base Station Market', 'CONCEPT'), ('5G Base Station Market', 'CONCEPT', 'Expected To Generate', 'SSI', 'Revenue Growth', 'FIN_INSTRUMENT_INFO'), ('Marvell Technology', 'COMPANY', 'Competes With', 'SSI', 'Huawei', 'COMPETITOR'), ('Huawei Ability To Ship Critical Products', 'CONCEPT', 'Limited In', 'SSI', 'International Markets', 'CONCEPT')]
2026-07-23T18:16:10Z - INFO - [MetricsComputator::compute_metrics] 'MRVL' '3 “Strong Buy” Stocks for the 5G Revolution in 2020' revised triplets updated.
2026-07-23T18:17:15Z - INFO - [MetricsComputator::compute_metrics] 'TSM' 'Friday's ETF with Unusual Volume: PID' is good enough
2026-07-23T18:17:15Z - INFO - [MetricsComputator::save_partial] Saved partial progress to output/triplets_qwen2.5:14b_semi_cleaned_data_summary_JudgeLLM_metrics_computation.csv
2026-07-23T18:18:56Z - INFO - [MetricsComputator::compute_metrics] 'QCOM' 'These 3 Market Giants Get a Thumbs-Up Ahead of Earnings' requires reprompt
2026-07-23T18:20:03Z - INFO - [MetricsComputator::compute_metrics] revised triplets : 
self.triplets_df.iloc[row_idx]['output_triplets']="[('Qualcomm', 'COMPANY', 'Sees Gain', None, 'Stock Price', 'FININSTRUMENTINFO'), ('Qualcomm', 'COMPANY', 'Beats', None, 'Earnings Estimates', 'CONCEPT')]"
[('American Electric Power', 'COMPANY', 'Reports', 'GFMK', 'Earnings Estimates', 'FIN_INSTRUMENT_INFO'), ('Apple Inc.', 'COMPANY', 'Forecasts', 'SSI', 'Services Revenue Growth', 'CONCEPT'), ('Qualcomm', 'COMPANY', 'Upgrades', 'GMM', 'Stock Price', 'FIN_INSTRUMENT_INFO'), ('Bank of America', 'FINANCIAL_ENTITY', 'Predicts', 'GFMK', 'Earnings Beat', 'CONCEPT'), ('Shelby Tucker', 'FINANCIAL_ENTITY', 'Recommends', 'GFMK', 'American Electric Power', 'COMPANY'), ('Michael Walkley', 'FINANCIAL_ENTITY', 'Upgrades', 'SSI', 'Apple Inc.', 'COMPANY')]
2026-07-23T18:20:03Z - INFO - [MetricsComputator::compute_metrics] 'QCOM' 'These 3 Market Giants Get a Thumbs-Up Ahead of Earnings' revised triplets updated.
2026-07-23T18:21:42Z - INFO - [MetricsComputator::compute_metrics] 'QCOM' '7 5G Stocks to Connect Your Portfolio To' requires reprompt
2026-07-23T18:23:00Z - INFO - [MetricsComputator::compute_metrics] revised triplets : 
self.triplets_df.iloc[row_idx]['output_triplets']="[('Qualcomm', 'COMPANY', 'Faces Legal Troubles With', None, 'Apple', 'COMPANY')]"
[('Qualcomm', 'COMPANY', 'Faces Legal Troubles With', 'SSI', 'Apple', 'COMPANY'), ('AT&T', 'COMPANY', 'Develops', 'SSI', '5G Network Rollout', 'PRODUCT'), ('Micron Technology', 'COMPANY', 'Collaborates On', 'SSI', 'Autonomous Driving Platforms', 'PRODUCT'), ('Nvidia', 'COMPANY', 'Leads In', 'SSI', 'AI Applications', 'CONCEPT'), ('Xilinx', 'COMPANY', 'Provides', 'SSI', 'Chipset Solutions', 'PRODUCT'), ('Ericsson', 'COMPANY', 'Supplies Equipment For', 'SSI', '5G Rollout', 'PRODUCT'), ('Semtech', 'COMPANY', 'Explores Opportunities In', 'SSI', 'IoT And Data Centers', 'SECTOR')]
2026-07-23T18:23:00Z - INFO - [MetricsComputator::compute_metrics] 'QCOM' '7 5G Stocks to Connect Your Portfolio To' revised triplets updated.
2026-07-23T18:24:22Z - INFO - [MetricsComputator::compute_metrics] 'MU' 'Why Micron's Next Rock Bottom Won't Be So Bad' requires reprompt
2026-07-23T18:25:20Z - INFO - [MetricsComputator::compute_metrics] revised triplets : 
self.triplets_df.iloc[row_idx]['output_triplets']="[('Micron Technology', 'COMPANY', 'Reports', None, 'Second Quarter Results', 'CONCEPT'), ('Second Quarter Results', 'CONCEPT', 'Expected To Be', None, 'Bottom Of Semiconductor Cycle', 'CONCEPT')]"
[('Micron Technology', 'COMPANY', 'Reports', 'GFMK', 'Q1 Revenue Drop', 'FIN_INSTRUMENT_INFO'), ('Q1 Revenue Drop', 'FIN_INSTRUMENT_INFO', 'Caused By', 'SSI', 'Industry Oversupply', 'ECON_INDICATOR'), ('Micron Technology', 'COMPANY', 'Forecasts', 'GMM', 'Q2 Bottom Of Cycle', 'CONCEPT'), ('Q2 Bottom Of Cycle', 'CONCEPT', 'Followed By', 'GFMK', 'Revenue Increase', 'FIN_INSTRUMENT_INFO'), ('Micron Technology', 'COMPANY', 'Develops', 'SSI', '3D XPoint', 'PRODUCT'), ('3D XPoint', 'PRODUCT', 'Enhances', 'GMM', 'Data Center Capabilities', 'CONCEPT')]
2026-07-23T18:25:20Z - INFO - [MetricsComputator::compute_metrics] 'MU' 'Why Micron's Next Rock Bottom Won't Be So Bad' revised triplets updated.
2026-07-23T18:26:55Z - INFO - [MetricsComputator::compute_metrics] 'MU' 'Let's See What the Tea Leaves Are Saying About Intel's Earnings Report' requires reprompt
2026-07-23T18:28:02Z - INFO - [MetricsComputator::compute_metrics] revised triplets : 
self.triplets_df.iloc[row_idx]['output_triplets']="[('5G', 'CONCEPT', 'Positive Impact On', None, 'Memory Content Growth', 'ECONINDICATOR'), ('5G', 'CONCEPT', 'Positive Impact On', None, 'Storage Content Growth', 'ECONINDICATOR'), ('5G', 'CONCEPT', 'Increases', None, 'Smartphone Unit Sales', 'ECONINDICATOR'), ('Micron Technology', 'COMPANY', 'Launches', None, 'Affordable 5G Phones', 'PRODUCT'), ('Affordable 5G Phones', 'PRODUCT', 'Feature', None, 'Minimum of 6 GB DRAM', 'PRODUCT'), ('Company', 'CONCEPT', 'Repositions Portfolio To Take Advantage Of', None, 'Industry Catalyst', 'CONCEPT')]"
[('Intel', 'COMPANY', 'Forecasts', 'SSI', 'Revenue Increase', 'ECON_INDICATOR'), ('Intel', 'COMPANY', 'Reports', 'GFMK', 'Adjusted Earnings Decrease', 'ECON_INDICATOR'), ('5G', 'CONCEPT', 'Increases', 'GMM', 'Memory Content Growth', 'ECONINDICATOR'), ('5G', 'CONCEPT', 'Drives', 'GMM', 'Storage Content Growth', 'ECONINDICATOR'), ('Micron Technology', 'COMPANY', 'Launches', 'SSI', 'Affordable 5G Phones', 'PRODUCT'), ('Affordable 5G Phones', 'PRODUCT', 'Feature', 'SSI', 'Minimum of 6 GB DRAM', 'PRODUCT'), ('Intel', 'COMPANY', 'Positions For', 'GMM', 'Industry Catalyst', 'CONCEPT'), ('Intel', 'COMPANY', 'Grows Share In', 'GFMK', 'Large And Expanding Market Opportunity', 'SECTOR')]
2026-07-23T18:28:02Z - INFO - [MetricsComputator::compute_metrics] 'MU' 'Let's See What the Tea Leaves Are Saying About Intel's Earnings Report' revised triplets updated.
2026-07-23T18:29:31Z - INFO - [MetricsComputator::compute_metrics] 'INTC' 'Intel and NVIDIA Cut Prices to Beat Back AMD' requires reprompt
2026-07-23T18:30:26Z - INFO - [MetricsComputator::compute_metrics] revised triplets : 
self.triplets_df.iloc[row_idx]['output_triplets']="[('Intel', 'COMPANY', 'Dominates', None, 'CPU Market', 'CONCEPT'), ('NVIDIA', 'COMPANY', 'Dominates', None, 'GPU Market', 'CONCEPT'), ('Advanced Micro Devices', 'COMPANY', 'Resurges', None, 'Market Share', 'ECONINDICATOR'), ('Advanced Micro Devices', 'COMPANY', 'Slashes', None, 'Price', 'FININSTRUMENTINFO'), ('Lseries Cascade Lake Xeon chips', 'PRODUCT', 'Supports', None, 'Memory Capacity', 'CONCEPT')]"
[('Advanced Micro Devices', 'COMPANY', 'Increases', 'SSI', 'Market Share', 'ECON_INDICATOR'), ('Intel', 'COMPANY', 'Cuts', 'SSI', 'Price', 'FIN_INSTRUMENT_INFO'), ('NVIDIA', 'COMPANY', 'Reacts To', 'SSI', 'RX 5600 XT', 'PRODUCT'), ('Advanced Micro Devices', 'COMPANY', 'Competes With', 'SSI', 'Intel', 'COMPANY'), ('Advanced Micro Devices', 'COMPANY', 'Competes With', 'SSI', 'NVIDIA', 'COMPANY'), ('AMD Ryzen PC CPUs', 'PRODUCT', 'Challenges', 'SSI', 'Intel X-series CPUs', 'PRODUCT')]
2026-07-23T18:30:26Z - INFO - [MetricsComputator::compute_metrics] 'INTC' 'Intel and NVIDIA Cut Prices to Beat Back AMD' revised triplets updated.
2026-07-23T18:32:12Z - INFO - [MetricsComputator::compute_metrics] MU The 3 Best Artificial Intelligence Stocks to Buy Now for Your Portfolio requires human review
self.triplets_df.iloc[row_idx]['output_triplets']="[('Micron Technology', 'COMPANY', 'Trades On', None, 'NASDAQ', 'FININSTRUMENTINFO'), ('NVIDIA', 'COMPANY', 'Trades On', None, 'NASDAQ', 'FININSTRUMENTINFO'), ('salesforcecom', 'COMPANY', 'Trades On', None, 'NYSE', 'FININSTRUMENTINFO'), ('Memory Industry', 'SECTOR', 'Consolidates', None, 'Micron Technology', 'COMPANY'), ('Memory Industry', 'SECTOR', 'Characterized By', None, 'Cyclical Nature', 'CONCEPT')]"

2026-07-23T18:32:12Z - INFO - [MetricsComputator::compute_metrics] Finished judgment. Saving final csv to disk.
2026-07-23T18:32:12Z - INFO - [MetricsComputator::compute_metrics] Finished saving csv to disk at: output/triplets_qwen2.5:14b_semi_cleaned_data_summary_JudgeLLM_metrics_computation.csv
